batter,batter_role,batter_clutch_index,risk_reward_profile,reliability_label,best_phase,strength_tags,weakness_tags,death_specialist_score,high_rrr_specialist_score,collapse_specialist_score,stabilizer_score,accelerator_score
MS Dhoni,Clutch Finisher,0.6568848032530415,Low Risk Stabilizer,High Reliability,Death,"Death Specialist, High RRR Specialist, Collapse Specialist, Stabilizer, Accelerator",No Major Weakness Tag,0.7751754244367469,0.6950529470932936,0.7907105519790214,0.8659539952502635,0.6562612174260741
J Fraser-McGurk,Anchor / Stabilizer,0.6449624670422562,High Reward Stable,Low Reliability,Powerplay,No Strong Specialist Tag,"Weak at Death, Weak in High RRR, Weak in Collapse, Poor Stabilizer, Poor Accelerator, Low Sample Confidence",0.0,0.0,0.0,0.0,0.0
V Kohli,Clutch Finisher,0.6224995007721843,Low Risk Stabilizer,High Reliability,Death,No Strong Specialist Tag,No Major Weakness Tag,0.5307452579029129,0.5709390819225584,0.4976489735629924,0.5648363738996628,0.538797458911965
RG Sharma,Clutch Finisher,0.5703700400516529,Low Risk Stabilizer,High Reliability,Death,No Strong Specialist Tag,No Major Weakness Tag,0.5494747062563674,0.4677314565038445,0.43474182267516953,0.4656520872016288,0.45064774873575897
DA Warner,Clutch Finisher,0.5664322842479244,Low Risk Stabilizer,High Reliability,Death,No Strong Specialist Tag,No Major Weakness Tag,0.42718475894979385,0.4939630608227709,0.438647949269028,0.47277140783939336,0.46678818857905907
KD Karthik,Clutch Finisher,0.5580018969214081,Low Risk Stabilizer,High Reliability,Death,Stabilizer,No Major Weakness Tag,0.595873471146414,0.5045491162762729,0.6454727508768121,0.7003052413864387,0.48905903032391784
SK Raina,Clutch Finisher,0.5519490376257117,Low Risk Stabilizer,High Reliability,Death,No Strong Specialist Tag,No Major Weakness Tag,0.48753822506703337,0.5535624620813304,0.4137768098082578,0.39928603584531835,0.544328958285682
AB de Villiers,Clutch Finisher,0.548947485596994,Low Risk Stabilizer,High Reliability,Death,Death Specialist,No Major Weakness Tag,0.721044937533815,0.49028002422794803,0.5262205418476672,0.5585458914330828,0.48123351101530853
DA Miller,Clutch Finisher,0.5472263563285037,Low Risk Stabilizer,High Reliability,Death,No Strong Specialist Tag,No Major Weakness Tag,0.6186323805420462,0.5563732248514194,0.5444536727690322,0.5731196838002168,0.5259627357392835
KA Pollard,Clutch Finisher,0.5428173417179264,Low Risk Stabilizer,High Reliability,Death,Stabilizer,No Major Weakness Tag,0.6226608403258205,0.5703612928350964,0.5871171317954955,0.6597059107004232,0.5515717474837972
RK Singh,Clutch Finisher,0.53634729299767,High Reward Stable,High Reliability,Death,Death Specialist,No Major Weakness Tag,0.7091201054264588,0.5771726745995824,0.6058951380318469,0.566026627515382,0.5509035599454839
SV Samson,Clutch Finisher,0.5268258454021888,Low Risk Stabilizer,High Reliability,Death,No Strong Specialist Tag,No Major Weakness Tag,0.4975039180700218,0.56884578330285,0.38770213487907973,0.4188206511858988,0.5540479359606428
YK Pathan,Clutch Finisher,0.5263964905931108,Low Risk Stabilizer,High Reliability,Death,No Strong Specialist Tag,No Major Weakness Tag,0.5423908730533757,0.5066393212134653,0.5181463474458805,0.5634704446495419,0.4875861659740862
AD Russell,Clutch Finisher,0.5208560247876752,Low Risk Stabilizer,High Reliability,Powerplay,No Strong Specialist Tag,No Major Weakness Tag,0.5103196728921956,0.6206034797677821,0.5945990070432297,0.6185972529465978,0.6197841798582711
RA Jadeja,Clutch Finisher,0.5141325227768662,Low Risk Stabilizer,High Reliability,Death,"Collapse Specialist, Stabilizer",No Major Weakness Tag,0.5673087814597165,0.550811381391184,0.6731423817093208,0.7753430348251644,0.5229440923317497
RV Uthappa,Clutch Finisher,0.5104069570087314,Low Risk Stabilizer,High Reliability,Death,No Strong Specialist Tag,No Major Weakness Tag,0.4010164715872157,0.4269519106237336,0.3888397063210747,0.4181054275991107,0.40143320896159984
JC Buttler,Clutch Finisher,0.5068278110896729,Low Risk Stabilizer,High Reliability,Death,No Strong Specialist Tag,No Major Weakness Tag,0.5130082802594685,0.46140484168308893,0.4307009404197266,0.42137842544492243,0.4380800697299266
F du Plessis,Clutch Finisher,0.5039968819116534,Low Risk Stabilizer,High Reliability,Death,No Strong Specialist Tag,No Major Weakness Tag,0.6344198989499215,0.5678255634800529,0.4239519914348814,0.3935496342350052,0.5722317333806006
N Pooran,Clutch Finisher,0.503754071935576,Low Risk Stabilizer,High Reliability,Middle,No Strong Specialist Tag,No Major Weakness Tag,0.44883561913509534,0.5647385308692586,0.5139055932519234,0.4974306475405199,0.5507682364042912
T Stubbs,Anchor / Stabilizer,0.5010873660965453,High Reward Stable,Medium Reliability,Death,"High RRR Specialist, Accelerator",Weak at Death,0.0,0.6853181729753831,0.5613393552015775,0.5052163539208925,0.6845863575209108
SA Yadav,Clutch Finisher,0.49856705557163583,Low Risk Stabilizer,High Reliability,Death,No Strong Specialist Tag,No Major Weakness Tag,0.44124351291177805,0.5283796516311916,0.40550416288078184,0.420726240027383,0.5281689020799031
KL Rahul,Clutch Finisher,0.4933974154424552,Low Risk Stabilizer,High Reliability,Death,No Strong Specialist Tag,No Major Weakness Tag,0.4187573451768152,0.4810757178260564,0.40492858586765723,0.45895914566963314,0.4419958733695154
AT Rayudu,Clutch Finisher,0.4925517833252931,Low Risk Stabilizer,High Reliability,Death,No Strong Specialist Tag,No Major Weakness Tag,0.4305679965558001,0.4852064898740632,0.4372126950467578,0.4909982817130209,0.4561800759652196
Naman Dhir,Anchor / Stabilizer,0.4878869241200527,High Reward Stable,Low Reliability,Death,No Strong Specialist Tag,"Weak at Death, Weak in High RRR, Poor Accelerator, Low Sample Confidence",0.0,0.0,0.6041843450631297,0.5256275999643285,0.0
TH David,Clutch Finisher,0.485976859563626,High Reward Stable,High Reliability,Powerplay,No Strong Specialist Tag,No Major Weakness Tag,0.6279089681800316,0.48890849638636913,0.438942066059317,0.4488791488638092,0.47190378912282555
MK Pandey,Clutch Finisher,0.4802777075636003,Low Risk Stabilizer,High Reliability,Death,No Strong Specialist Tag,No Major Weakness Tag,0.42673892031536387,0.45597535755829594,0.3906015012374055,0.463285296380699,0.4144647028060253
RR Pant,Clutch Finisher,0.47905628689220897,Low Risk Stabilizer,High Reliability,Death,No Strong Specialist Tag,No Major Weakness Tag,0.5220206176420894,0.46241576440632703,0.4204846666278493,0.4446726400040713,0.431794297357536
CH Gayle,Clutch Finisher,0.4732866725214446,Low Risk Stabilizer,High Reliability,Death,No Strong Specialist Tag,No Major Weakness Tag,0.5980566692152621,0.41959197062684866,0.4530966753974839,0.35484137145237604,0.39634000684700826
Rashid Khan,Clutch Finisher,0.47064117810246,Low Risk Stabilizer,High Reliability,Powerplay,No Strong Specialist Tag,No Major Weakness Tag,0.5306328939000476,0.5049445777947474,0.588805720408459,0.5816030666696816,0.5050108968079586
SR Watson,Anchor / Stabilizer,0.4690220388896298,Low Risk Stabilizer,High Reliability,Death,No Strong Specialist Tag,"Weak at Death, Weak in Collapse, Poor Stabilizer",0.0,0.4073354464815499,0.2463078303865017,0.2611422917432236,0.4063577680847932
MP Stoinis,Clutch Finisher,0.4687219568044998,Low Risk Stabilizer,High Reliability,Death,No Strong Specialist Tag,No Major Weakness Tag,0.4566039161071426,0.524163515628278,0.447944366263752,0.5267767503571594,0.4959129960415821
N Rana,Anchor / Stabilizer,0.46035976104835563,Low Risk Stabilizer,High Reliability,Death,No Strong Specialist Tag,Weak at Death,0.0,0.5641844359465843,0.3628679580461179,0.3716370520798409,0.5454348579947382
S Dhawan,Anchor / Stabilizer,0.4588564616900386,Low Risk Stabilizer,High Reliability,Death,No Strong Specialist Tag,"Weak in High RRR, Weak in Collapse, Poor Accelerator",0.32574422131386205,0.12839062202036192,0.26570386731506646,0.3173858424814006,0.11108888655006086
LS Livingstone,Anchor / Stabilizer,0.45568133626335877,Low Risk Stabilizer,High Reliability,Death,No Strong Specialist Tag,Weak at Death,0.0,0.6018532470877347,0.5209855994871876,0.45595115115366414,0.600736007400821
HH Pandya,Clutch Finisher,0.4553080895393887,Low Risk Stabilizer,High Reliability,Death,No Strong Specialist Tag,No Major Weakness Tag,0.4394324993044022,0.44183669015447197,0.4316557279916975,0.4878131821454845,0.44159140237578526
SPD Smith,Clutch Finisher,0.45182143622015536,Low Risk Stabilizer,High Reliability,Death,No Strong Specialist Tag,No Major Weakness Tag,0.4985082815929304,0.5209115111971866,0.399964820797223,0.475359618784763,0.5024568697481617
SO Hetmyer,Clutch Finisher,0.44848668105979345,Low Risk Stabilizer,High Reliability,Death,No Strong Specialist Tag,Poor Accelerator,0.6109768092596892,0.3241529146019271,0.4858749228195483,0.4842690116603481,0.2930455181259506
AR Patel,Clutch Finisher,0.4478722144339467,Low Risk Stabilizer,High Reliability,Death,"Collapse Specialist, Stabilizer",No Major Weakness Tag,0.4077665711377144,0.47641950982660364,0.6595758111216866,0.7550671853934037,0.4569462795068778
AM Rahane,Anchor / Stabilizer,0.44610667684759964,Low Risk Stabilizer,High Reliability,Death,No Strong Specialist Tag,"Weak at Death, Weak in Collapse, Poor Stabilizer",0.241879427759976,0.35530945562759814,0.1982528486194878,0.19974137417202134,0.3197200537692699
SS Iyer,Clutch Finisher,0.4461020091394824,Low Risk Stabilizer,High Reliability,Death,No Strong Specialist Tag,No Major Weakness Tag,0.37817019583236333,0.4516013294271468,0.3476561055990604,0.4196317039386629,0.42514135340563036
Tilak Varma,Anchor / Stabilizer,0.4454704328116965,Low Risk Stabilizer,High Reliability,Death,No Strong Specialist Tag,Weak at Death,0.0,0.5322919430502087,0.4314310474510082,0.4294970178628358,0.5145697098440699
Shubman Gill,Anchor / Stabilizer,0.4390417888503511,Low Risk Stabilizer,High Reliability,Death,No Strong Specialist Tag,"Weak at Death, Weak in Collapse, Poor Accelerator",0.0,0.32556701802042376,0.29617502077954827,0.338974783206657,0.2769727392034574
JA Morkel,Clutch Finisher,0.43797777550655137,Low Risk Stabilizer,High Reliability,Death,No Strong Specialist Tag,No Major Weakness Tag,0.4962540679684848,0.46975677281682504,0.43062035205238225,0.512282126664173,0.44780478195755385
GJ Maxwell,Anchor / Stabilizer,0.4368916478173306,Low Risk Stabilizer,High Reliability,Death,No Strong Specialist Tag,"Weak at Death, Weak in Collapse, Poor Stabilizer",0.0,0.3869759404652835,0.29349098946042085,0.28039471341549377,0.36043721346823465
WG Jacks,Balanced Pressure Batter,0.43679456600978805,Low Risk Stabilizer,Low Reliability,Middle,No Strong Specialist Tag,"Weak at Death, Weak in High RRR, Weak in Collapse, Poor Stabilizer, Poor Accelerator, Low Sample Confidence",0.0,0.0,0.0,0.0,0.0
Ishan Kishan,Anchor / Stabilizer,0.4360975923333268,Low Risk Stabilizer,High Reliability,Death,No Strong Specialist Tag,Weak at Death,0.0,0.4637298255355553,0.3624101231660697,0.3526669457569891,0.4296835668411974
SE Marsh,Anchor / Stabilizer,0.43251993915966347,Low Risk Stabilizer,High Reliability,Death,No Strong Specialist Tag,"Weak at Death, Weak in Collapse, Poor Stabilizer",0.0,0.5063566234972179,0.21074661422916027,0.1520211066892292,0.4957368743881602
Shashank Singh,Anchor / Stabilizer,0.43024521088899476,Low Risk Stabilizer,High Reliability,Death,No Strong Specialist Tag,Weak at Death,0.0,0.43569574489452345,0.43158705773507766,0.46599814934298167,0.39942718744172956
R Tewatia,Clutch Finisher,0.4280051839699996,Low Risk Stabilizer,High Reliability,Death,Stabilizer,No Major Weakness Tag,0.5626873930646996,0.42343179406894893,0.577512974713322,0.6816083493604495,0.3779867608598272
JM Bairstow,Anchor / Stabilizer,0.42773192172783997,Low Risk Stabilizer,High Reliability,Death,No Strong Specialist Tag,"Weak at Death, Weak in Collapse, Poor Stabilizer",0.0,0.5249122308682952,0.1731613551829461,0.2820863675414197,0.5283055403693419
YBK Jaiswal,Balanced Pressure Batter,0.42768127804587913,Low Risk Stabilizer,High Reliability,Death,No Strong Specialist Tag,"Weak at Death, Weak in High RRR, Weak in Collapse, Poor Stabilizer, Poor Accelerator",0.0,0.0,0.0,0.0,0.0
DR Smith,Anchor / Stabilizer,0.4268421316390104,Low Risk Stabilizer,High Reliability,Death,No Strong Specialist Tag,"Weak at Death, Weak in High RRR, Weak in Collapse, Poor Stabilizer, Poor Accelerator",0.0,0.24350521756379692,0.2779761839019924,0.11737403288323128,0.22808298771050609
Ashutosh Sharma,Aggressive Accelerator,0.425792692367673,Low Risk Stabilizer,Low Reliability,Powerplay,No Strong Specialist Tag,"Weak at Death, Weak in High RRR, Poor Accelerator, Low Sample Confidence",0.0,0.0,0.5005557300080402,0.5148510871567391,0.0
JJ Roy,Balanced Pressure Batter,0.42456316731072546,Low Risk Stabilizer,High Reliability,Middle,No Strong Specialist Tag,"Weak at Death, Weak in High RRR, Weak in Collapse, Poor Stabilizer, Poor Accelerator",0.0,0.0,0.0,0.0,0.0
JP Faulkner,Clutch Finisher,0.4195343566079896,Low Risk Stabilizer,High Reliability,Death,No Strong Specialist Tag,No Major Weakness Tag,0.4815310611305643,0.47692224431161107,0.505324356266736,0.5603152979327454,0.4580010341511704
BJ Hodge,Clutch Finisher,0.41689440886648516,Low Risk Stabilizer,High Reliability,Death,No Strong Specialist Tag,No Major Weakness Tag,0.47988402559796317,0.39105962388988447,0.42488675359611183,0.4843768242750481,0.3709984367834072
IK Pathan,Clutch Finisher,0.4151841386545323,Low Risk Stabilizer,High Reliability,Death,No Strong Specialist Tag,No Major Weakness Tag,0.4952189319677531,0.46280726427054597,0.5241885136574554,0.5743410140283327,0.4405020496185635
CH Morris,Clutch Finisher,0.4150708775645984,Low Risk Stabilizer,High Reliability,Powerplay,No Strong Specialist Tag,No Major Weakness Tag,0.5175121896467683,0.440077327956468,0.48067504605136885,0.5444724933868618,0.43308740124857
G Gambhir,Aggressive Accelerator,0.4118934222209685,Low Risk Stabilizer,High Reliability,Death,No Strong Specialist Tag,"Weak at Death, Weak in High RRR, Weak in Collapse, Poor Stabilizer, Poor Accelerator",0.25747555278338935,0.0,0.22373832977137093,0.18778740038755776,0.0
MA Agarwal,Anchor / Stabilizer,0.41136054249319404,Low Risk Stabilizer,High Reliability,Death,No Strong Specialist Tag,"Weak at Death, Poor Accelerator",0.0,0.325868530434668,0.32366173390549624,0.33497729100472945,0.29131361590871513
JH Kallis,Clutch Finisher,0.4083238389397291,Low Risk Stabilizer,High Reliability,Death,No Strong Specialist Tag,"Weak in Collapse, Poor Stabilizer, Poor Accelerator",0.5132723302584615,0.3019790220835986,0.13595224813710388,0.15836883161955911,0.25129842084978044
GD Phillips,Balanced Pressure Batter,0.408078774965845,Low Risk Stabilizer,Low Reliability,Death,No Strong Specialist Tag,"Weak at Death, Weak in High RRR, Weak in Collapse, Poor Stabilizer, Poor Accelerator, Low Sample Confidence",0.0,0.0,0.0,0.0,0.0
PD Salt,Balanced Pressure Batter,0.4045527431600544,Low Risk Stabilizer,High Reliability,Middle,No Strong Specialist Tag,"Weak at Death, Weak in High RRR, Weak in Collapse, Poor Stabilizer, Poor Accelerator",0.0,0.0,0.0,0.0,0.0
PP Shaw,Anchor / Stabilizer,0.4039314514136338,Low Risk Stabilizer,High Reliability,Middle,No Strong Specialist Tag,"Weak at Death, Weak in Collapse, Poor Stabilizer",0.0,0.5061573382282607,0.0,0.0,0.511375902596157
Q de Kock,Anchor / Stabilizer,0.4038992631698928,Low Risk Stabilizer,High Reliability,Death,No Strong Specialist Tag,"Weak at Death, Weak in Collapse, Poor Stabilizer",0.0,0.41568206221329274,0.11195786459704626,0.13384895823175427,0.3926759488059033
KS Williamson,Anchor / Stabilizer,0.40376281748025333,Low Risk Stabilizer,High Reliability,Middle,No Strong Specialist Tag,Weak at Death,0.29159275319842276,0.46723581554800425,0.30187915483254113,0.3416460046385246,0.4368290069792568
R Dravid,Anchor / Stabilizer,0.40323771052036705,Low Risk Stabilizer,High Reliability,Death,No Strong Specialist Tag,Weak at Death,0.0,0.5283418164532009,0.45302062376668645,0.4574907595447901,0.5216695216735973
VR Iyer,Anchor / Stabilizer,0.3986640529251035,Low Risk Stabilizer,High Reliability,Death,No Strong Specialist Tag,"Weak at Death, Weak in Collapse",0.0,0.39992936538957397,0.17023204349327942,0.3334400715943033,0.38008892921144993
Dhruv Jurel,Anchor / Stabilizer,0.39836450231276616,Low Risk Stabilizer,Medium Reliability,Death,No Strong Specialist Tag,Weak at Death,0.0,0.5378147075716116,0.4754137038680774,0.48222720514595896,0.5312028076277444
DJ Bravo,Clutch Finisher,0.39836288619750404,Low Risk Stabilizer,High Reliability,Death,No Strong Specialist Tag,Poor Accelerator,0.45938794656819515,0.3185323106910989,0.48332376536998173,0.5384496382155943,0.289418046554343
JR Hopes,Anchor / Stabilizer,0.3981661567998615,Low Risk Stabilizer,Medium Reliability,Death,No Strong Specialist Tag,Weak at Death,0.0,0.5117041716731718,0.3758563093224312,0.3989986785330027,0.49974871795110976
R Powell,Anchor / Stabilizer,0.3976450308360454,Low Risk Stabilizer,Medium Reliability,Powerplay,No Strong Specialist Tag,Weak at Death,0.0,0.3471812592617164,0.4734173532612578,0.4639515331132287,0.36429499274903393
Bipul Sharma,Aggressive Accelerator,0.39486742546828435,Low Risk Stabilizer,Low Reliability,Powerplay,No Strong Specialist Tag,"Weak at Death, Weak in High RRR, Poor Accelerator, Low Sample Confidence",0.0,0.0,0.46667997316882637,0.49909519039067685,0.0
H Klaasen,Anchor / Stabilizer,0.3943302913197517,Low Risk Stabilizer,High Reliability,Death,No Strong Specialist Tag,Weak at Death,0.0,0.4550978757518034,0.4403803540422784,0.4684961748680244,0.4203499051841748
C Green,Anchor / Stabilizer,0.39189482422987154,Low Risk Stabilizer,High Reliability,Powerplay,No Strong Specialist Tag,"Weak at Death, Weak in Collapse",0.0,0.4446659564460014,0.2853640676591185,0.3854155358143253,0.41180082620192443
PJ Cummins,Anchor / Stabilizer,0.3914807131652879,Low Risk Stabilizer,Medium Reliability,Middle,No Strong Specialist Tag,Weak at Death,0.0,0.4779576733846942,0.5101230530568467,0.4887649143455437,0.5004985384476692
BA Stokes,Anchor / Stabilizer,0.3908333934126825,Low Risk Stabilizer,High Reliability,Death,No Strong Specialist Tag,"Weak at Death, Weak in High RRR, Poor Accelerator",0.0,0.23121022403714886,0.4040760391997338,0.4181610916867277,0.18013937126497281
M Morkel,Aggressive Accelerator,0.3882484169733662,Low Risk Stabilizer,Low Reliability,Powerplay,No Strong Specialist Tag,"Weak at Death, Weak in High RRR, Poor Accelerator, Low Sample Confidence",0.0,0.0,0.46784174867205786,0.4700933988861108,0.0
NLTC Perera,Aggressive Accelerator,0.38450653284357444,Low Risk Stabilizer,Medium Reliability,Death,No Strong Specialist Tag,"Weak at Death, Weak in High RRR, Poor Accelerator",0.0,0.0,0.4285718340803299,0.4653376337289514,0.0
Mandeep Singh,Clutch Finisher,0.3833719936882952,Low Risk Stabilizer,High Reliability,Death,No Strong Specialist Tag,No Major Weakness Tag,0.46749890326969523,0.45731224626665445,0.3520664714724514,0.40998650566286415,0.437864095138712
KK Cooper,Aggressive Accelerator,0.3833012011783117,Low Risk Stabilizer,Low Reliability,Death,No Strong Specialist Tag,"Weak at Death, Weak in High RRR, Poor Accelerator, Low Sample Confidence",0.0,0.0,0.5152433407378629,0.42827068719471195,0.0
DPMD Jayawardene,Clutch Finisher,0.3829558139485534,Low Risk Stabilizer,High Reliability,Death,No Strong Specialist Tag,"Weak in High RRR, Poor Accelerator",0.4323925142428421,0.28982821189818797,0.3573409274629841,0.4244758523093952,0.24843735285766627
AK Markram,Anchor / Stabilizer,0.38174759407232756,Low Risk Stabilizer,High Reliability,Death,No Strong Specialist Tag,Weak at Death,0.0,0.394981701426943,0.3971181036421208,0.431636801921683,0.35942122250146297
AC Gilchrist,Anchor / Stabilizer,0.3786757397678263,Low Risk Stabilizer,High Reliability,Death,No Strong Specialist Tag,"Weak at Death, Weak in Collapse, Poor Stabilizer",0.0,0.4731564744013313,0.0,0.0,0.45688882650531487
WP Saha,Anchor / Stabilizer,0.37818369505429983,Low Risk Stabilizer,High Reliability,Death,No Strong Specialist Tag,"Weak in High RRR, Poor Accelerator",0.3161143645343644,0.2969308001233655,0.3420436437454627,0.4376398942148194,0.2521078639144495
BJ Rohrer,Aggressive Accelerator,0.3757190944918238,Low Risk Stabilizer,Low Reliability,Death,No Strong Specialist Tag,"Weak at Death, Weak in High RRR, Poor Accelerator, Low Sample Confidence",0.0,0.0,0.47841024503677543,0.41906398309247617,0.0
V Shankar,Clutch Finisher,0.37554493192854,Low Risk Stabilizer,High Reliability,Death,No Strong Specialist Tag,No Major Weakness Tag,0.38283903926977214,0.4621098605103432,0.37046664027763854,0.3935785745327484,0.46486022023931645
V Sehwag,Balanced Pressure Batter,0.3751386305850134,Low Risk Stabilizer,High Reliability,Middle,No Strong Specialist Tag,"Weak at Death, Weak in High RRR, Weak in Collapse, Poor Stabilizer, Poor Accelerator",0.0,0.0,0.1745653477251653,0.11510325991922021,0.0
Y Venugopal Rao,Anchor / Stabilizer,0.3724159374686218,Low Risk Stabilizer,High Reliability,Death,No Strong Specialist Tag,Weak at Death,0.0,0.4860366176427593,0.43964870070053474,0.48072779713551794,0.46349642532392854
RA Tripathi,Anchor / Stabilizer,0.3723823423696667,Low Risk Stabilizer,High Reliability,Death,No Strong Specialist Tag,"Weak at Death, Weak in Collapse",0.0,0.40107066477328135,0.287605410342017,0.3200392386012426,0.38204854787426884
AJ Finch,Anchor / Stabilizer,0.3719903546772625,Low Risk Stabilizer,High Reliability,Death,No Strong Specialist Tag,Weak at Death,0.0,0.36189505215652673,0.34419435373791024,0.4158495022285238,0.3245580374453644
Ramandeep Singh,Balanced Pressure Batter,0.3719766815064869,Low Risk Stabilizer,Low Reliability,Death,No Strong Specialist Tag,"Weak at Death, Weak in High RRR, Weak in Collapse, Poor Stabilizer, Poor Accelerator, Low Sample Confidence",0.0,0.0,0.0,0.0,0.0
K Gowtham,Aggressive Accelerator,0.37066354638641785,Low Risk Stabilizer,Medium Reliability,Middle,No Strong Specialist Tag,"Weak at Death, Weak in High RRR, Poor Accelerator",0.0,0.0,0.4535335857480184,0.4759547109284371,0.0
MK Tiwary,Clutch Finisher,0.3700570813957711,Low Risk Stabilizer,High Reliability,Death,No Strong Specialist Tag,No Major Weakness Tag,0.4106811075443676,0.4518788560007152,0.40767865974247575,0.4786317342392796,0.42325095574233507
PA Patel,Anchor / Stabilizer,0.36986671453993236,Low Risk Stabilizer,High Reliability,Death,No Strong Specialist Tag,"Weak at Death, Weak in Collapse, Poor Stabilizer",0.0,0.39871023485279367,0.08063069715295365,0.1486312116357654,0.385105395692985
RR Rossouw,Anchor / Stabilizer,0.368782597427954,Low Risk Stabilizer,High Reliability,Death,No Strong Specialist Tag,"Weak at Death, Weak in Collapse, Poor Stabilizer",0.0,0.49981916031403967,0.2865450718549594,0.22974945662934632,0.5152965849982404
SP Narine,Anchor / Stabilizer,0.3663163233072718,Low Risk Stabilizer,High Reliability,Middle,No Strong Specialist Tag,Weak at Death,0.0,0.33388914957684207,0.34621843781660216,0.3582095297383271,0.38997620569297153
LRPL Taylor,Anchor / Stabilizer,0.36601278889202765,Low Risk Stabilizer,High Reliability,Death,No Strong Specialist Tag,Weak in Collapse,0.41570803810659607,0.368947934728032,0.26915237524747393,0.35853754581959396,0.348341327676231
DJ Hussey,Anchor / Stabilizer,0.36550943239480804,Low Risk Stabilizer,High Reliability,Death,No Strong Specialist Tag,Weak at Death,0.0,0.414550341423061,0.37813204194330574,0.42609876779232564,0.3814476312350651
Abdul Samad,Clutch Finisher,0.3631945192951881,Low Risk Stabilizer,High Reliability,Death,No Strong Specialist Tag,No Major Weakness Tag,0.37913878130095996,0.3559655071938944,0.4383882286168742,0.5048001597322612,0.32254006235852795
Yuvraj Singh,Anchor / Stabilizer,0.36158651334020064,Low Risk Stabilizer,High Reliability,Death,No Strong Specialist Tag,Weak at Death,0.23961930609151366,0.33755492675072873,0.31116894549178653,0.4124433238287892,0.3091876090030075
SM Curran,Anchor / Stabilizer,0.3609991120893413,Low Risk Stabilizer,High Reliability,Death,No Strong Specialist Tag,No Major Weakness Tag,0.3391465861798642,0.3801555086541694,0.40354185685237515,0.3939821967563583,0.399073551518667
MV Boucher,Aggressive Accelerator,0.3597500893466158,Low Risk Stabilizer,Medium Reliability,Death,No Strong Specialist Tag,"Weak at Death, Weak in High RRR, Poor Accelerator",0.0,0.0,0.40767582962658655,0.4455987980330174,0.0
Washington Sundar,Anchor / Stabilizer,0.3593208191705824,Low Risk Stabilizer,Medium Reliability,Death,No Strong Specialist Tag,Weak at Death,0.0,0.43177782833597156,0.4488851712223696,0.48414219429160527,0.4269490444698179
MJ Lumb,Balanced Pressure Batter,0.3582824794355963,Low Risk Stabilizer,Medium Reliability,Powerplay,No Strong Specialist Tag,"Weak at Death, Weak in High RRR, Weak in Collapse, Poor Stabilizer, Poor Accelerator",0.0,0.0,0.0,0.0,0.0
JP Duminy,Anchor / Stabilizer,0.3569554351289812,Low Risk Stabilizer,High Reliability,Death,No Strong Specialist Tag,No Major Weakness Tag,0.35902030316518685,0.37449867632982486,0.3285231904657758,0.40857567847017917,0.3350204976262291
CA Lynn,Balanced Pressure Batter,0.3561972448842864,Low Risk Stabilizer,High Reliability,Powerplay,No Strong Specialist Tag,"Weak at Death, Weak in High RRR, Weak in Collapse, Poor Stabilizer, Poor Accelerator",0.0,0.0,0.0,0.0,0.0
TK Curran,Anchor / Stabilizer,0.354632664007987,Low Risk Stabilizer,Low Reliability,Powerplay,No Strong Specialist Tag,"Weak at Death, Low Sample Confidence",0.0,0.39143044153023654,0.4298093534983227,0.48670745026406925,0.3453780686444001
AD Hales,Balanced Pressure Batter,0.3539618970491849,Low Risk Stabilizer,Low Reliability,Powerplay,No Strong Specialist Tag,"Weak at Death, Weak in High RRR, Weak in Collapse, Poor Stabilizer, Poor Accelerator, Low Sample Confidence",0.0,0.0,0.0,0.0,0.0
STR Binny,Clutch Finisher,0.35357216545611164,Low Risk Stabilizer,High Reliability,Death,No Strong Specialist Tag,No Major Weakness Tag,0.4655738069046645,0.3465261356248695,0.4302826743880629,0.48629887013489437,0.3489582999334937
Arshad Khan,Aggressive Accelerator,0.352751823209685,Low Risk Stabilizer,Low Reliability,Powerplay,No Strong Specialist Tag,"Weak at Death, Weak in High RRR, Poor Accelerator, Low Sample Confidence",0.0,0.0,0.45991814085326205,0.48182500076178175,0.0
S Dube,Anchor / Stabilizer,0.34996648758233817,Low Risk Stabilizer,High Reliability,Death,No Strong Specialist Tag,Weak at Death,0.0,0.3762678473157792,0.37441967975400925,0.45287205685669385,0.3521896719131248
KH Pandya,Anchor / Stabilizer,0.3489357808994896,Low Risk Stabilizer,High Reliability,Death,No Strong Specialist Tag,"Weak at Death, Weak in High RRR, Poor Accelerator",0.287090231711108,0.26840584302724957,0.40921830881709226,0.5089648859574414,0.25167789115681644
SS Tiwary,Clutch Finisher,0.3486038796667742,Low Risk Stabilizer,High Reliability,Death,No Strong Specialist Tag,No Major Weakness Tag,0.42042731948827083,0.3724074371527087,0.43155215520820545,0.5251771121870268,0.3204112311455898
RN ten Doeschate,Aggressive Accelerator,0.3482020412661827,Low Risk Stabilizer,Medium Reliability,Death,No Strong Specialist Tag,"Weak at Death, Weak in High RRR, Poor Accelerator",0.0,0.0,0.3765322296294877,0.39184681765796514,0.0
PBB Rajapaksa,Balanced Pressure Batter,0.34813462837837794,Low Risk Stabilizer,Low Reliability,Middle,No Strong Specialist Tag,"Weak at Death, Weak in High RRR, Weak in Collapse, Poor Stabilizer, Poor Accelerator, Low Sample Confidence",0.0,0.0,0.0,0.0,0.0
BCJ Cutting,Aggressive Accelerator,0.3472620876494226,Low Risk Stabilizer,Low Reliability,Powerplay,No Strong Specialist Tag,"Weak at Death, Weak in High RRR, Poor Accelerator, Low Sample Confidence",0.0,0.0,0.42644254851465546,0.41709633127659157,0.0
R Ashwin,Clutch Finisher,0.3459550331808956,Low Risk Stabilizer,High Reliability,Death,No Strong Specialist Tag,No Major Weakness Tag,0.39922645535956397,0.3899306128551786,0.46289660955509443,0.5164464335778103,0.3810608886733626
B Sai Sudharsan,Anchor / Stabilizer,0.34568866005403653,Low Risk Stabilizer,High Reliability,Death,No Strong Specialist Tag,"Weak at Death, Weak in Collapse, Poor Stabilizer",0.0,0.4060044153748771,0.0,0.0,0.36897218444537827
Harbhajan Singh,Clutch Finisher,0.34544552249393096,Low Risk Stabilizer,High Reliability,Death,No Strong Specialist Tag,No Major Weakness Tag,0.34431145373074734,0.3500489459310795,0.49779805631328305,0.5682167041217046,0.3392258665842124
BB McCullum,Balanced Pressure Batter,0.34482096393872613,Low Risk Stabilizer,High Reliability,Death,No Strong Specialist Tag,"Weak at Death, Weak in High RRR, Weak in Collapse, Poor Stabilizer, Poor Accelerator",0.0,0.27593830325364443,0.0,0.0,0.2308425401060245
DJ Mitchell,Balanced Pressure Batter,0.3444342660271095,Low Risk Stabilizer,Medium Reliability,Powerplay,No Strong Specialist Tag,"Weak at Death, Weak in High RRR, Weak in Collapse, Poor Stabilizer, Poor Accelerator",0.0,0.0,0.0,0.0,0.0
M Vohra,Aggressive Accelerator,0.3396970868647643,Low Risk Stabilizer,High Reliability,Death,No Strong Specialist Tag,"Weak at Death, Weak in High RRR, Poor Accelerator",0.0,0.0,0.5053246689719673,0.4236865616778126,0.0
Atharva Taide,Anchor / Stabilizer,0.33685764907538784,Low Risk Stabilizer,Medium Reliability,Powerplay,No Strong Specialist Tag,"Weak at Death, Weak in Collapse, Poor Stabilizer",0.0,0.452614778509971,0.0,0.0,0.4195018251602846
RD Gaikwad,Balanced Pressure Batter,0.3361037269960473,Low Risk Stabilizer,High Reliability,Death,No Strong Specialist Tag,"Weak at Death, Weak in High RRR, Weak in Collapse, Poor Stabilizer, Poor Accelerator",0.0,0.0,0.0,0.0,0.0
P Simran Singh,Anchor / Stabilizer,0.33577274447033045,Low Risk Stabilizer,High Reliability,Powerplay,No Strong Specialist Tag,"Weak at Death, Weak in Collapse, Poor Stabilizer",0.0,0.434179215793553,0.22921599294979705,0.2596072303328635,0.4312004517667671
DJ Hooda,Anchor / Stabilizer,0.33551338536537384,Low Risk Stabilizer,High Reliability,Middle,No Strong Specialist Tag,"Weak at Death, Poor Accelerator",0.14831185574534808,0.32344955930111324,0.3258768003221817,0.39552390091189765,0.2934012805772582
Kamran Akmal,Balanced Pressure Batter,0.33504187441256006,Low Risk Stabilizer,Low Reliability,Middle,No Strong Specialist Tag,"Weak at Death, Weak in High RRR, Weak in Collapse, Poor Stabilizer, Poor Accelerator, Low Sample Confidence",0.0,0.0,0.0,0.0,0.0
AP Tare,Balanced Pressure Batter,0.3336358189179812,Low Risk Stabilizer,Medium Reliability,Death,No Strong Specialist Tag,"Weak at Death, Weak in High RRR, Weak in Collapse, Poor Stabilizer, Poor Accelerator",0.0,0.0,0.0,0.0,0.0
PC Valthaty,Balanced Pressure Batter,0.3336271343522461,Low Risk Stabilizer,High Reliability,Death,No Strong Specialist Tag,"Weak at Death, Weak in High RRR, Weak in Collapse, Poor Stabilizer, Poor Accelerator",0.0,0.0,0.0,0.0,0.0
NV Ojha,Anchor / Stabilizer,0.33320809869562823,Low Risk Stabilizer,High Reliability,Death,No Strong Specialist Tag,"Weak at Death, Weak in Collapse",0.0,0.4133120125309627,0.2978880686921968,0.3733311994711612,0.3852640698627076
SN Thakur,Aggressive Accelerator,0.3326530701078434,Low Risk Stabilizer,Medium Reliability,Powerplay,No Strong Specialist Tag,"Weak at Death, Weak in High RRR, Poor Accelerator",0.0,0.0,0.4146476493216425,0.45859063582640774,0.0
KM Jadhav,Anchor / Stabilizer,0.3325800622504422,Low Risk Stabilizer,High Reliability,Death,No Strong Specialist Tag,Weak at Death,0.2999806623496044,0.38604292045425015,0.35934733075938824,0.44443734962774084,0.3443576095729188
M Shahrukh Khan,Aggressive Accelerator,0.33163895407671995,Low Risk Stabilizer,Medium Reliability,Powerplay,No Strong Specialist Tag,"Weak at Death, Weak in High RRR, Poor Accelerator",0.0,0.0,0.3915868960730867,0.46094126241637146,0.0
SP Fleming,Balanced Pressure Batter,0.33138495945140023,Low Risk Stabilizer,Medium Reliability,Powerplay,No Strong Specialist Tag,"Weak at Death, Weak in High RRR, Weak in Collapse, Poor Stabilizer, Poor Accelerator",0.0,0.0,0.0,0.0,0.0
ML Hayden,Balanced Pressure Batter,0.32966247115350417,Low Risk Stabilizer,High Reliability,Middle,No Strong Specialist Tag,"Weak at Death, Weak in High RRR, Weak in Collapse, Poor Stabilizer, Poor Accelerator",0.0,0.0,0.0,0.0,0.0
MS Bisla,Balanced Pressure Batter,0.32833351339280925,Low Risk Stabilizer,High Reliability,Death,No Strong Specialist Tag,"Weak at Death, Weak in High RRR, Weak in Collapse, Poor Stabilizer, Poor Accelerator",0.0,0.0,0.0,0.0,0.0
TM Dilshan,Aggressive Accelerator,0.32823059854897385,Low Risk Stabilizer,High Reliability,Death,No Strong Specialist Tag,"Weak at Death, Weak in High RRR, Poor Accelerator",0.0,0.0,0.31363526755775717,0.3247586588844947,0.0
D Wiese,Aggressive Accelerator,0.32788556933028806,Low Risk Stabilizer,Low Reliability,Powerplay,No Strong Specialist Tag,"Weak at Death, Weak in High RRR, Poor Accelerator, Low Sample Confidence",0.0,0.0,0.40620238358388494,0.45617760239210947,0.0
MK Lomror,Aggressive Accelerator,0.32771455627036694,Low Risk Stabilizer,Medium Reliability,Death,No Strong Specialist Tag,"Weak at Death, Weak in High RRR, Poor Accelerator",0.0,0.0,0.4572373861170138,0.38186804976453026,0.0
KK Nair,Aggressive Accelerator,0.32727894817548314,Low Risk Stabilizer,High Reliability,Death,No Strong Specialist Tag,"Weak at Death, Weak in High RRR, Weak in Collapse, Poor Stabilizer, Poor Accelerator",0.0,0.18915970534579601,0.18430866205469584,0.2249015835748462,0.16336322654297694
EJG Morgan,Anchor / Stabilizer,0.32589978260254204,Low Risk Stabilizer,High Reliability,Death,No Strong Specialist Tag,Weak at Death,0.2071965135058649,0.3593825199321969,0.37370662063700083,0.4466779323763416,0.3299474707103647
R Ravindra,Balanced Pressure Batter,0.32566883818942083,Low Risk Stabilizer,Low Reliability,Middle,No Strong Specialist Tag,"Weak at Death, Weak in High RRR, Weak in Collapse, Poor Stabilizer, Poor Accelerator, Low Sample Confidence",0.0,0.0,0.0,0.0,0.0
JM Sharma,Aggressive Accelerator,0.32531796976258853,Low Risk Stabilizer,Medium Reliability,Death,No Strong Specialist Tag,"Weak at Death, Weak in High RRR, Poor Accelerator",0.0,0.0,0.3972188113570689,0.43715758648115793,0.0
DJM Short,Balanced Pressure Batter,0.3244718293024056,Low Risk Stabilizer,Low Reliability,Middle,No Strong Specialist Tag,"Weak at Death, Weak in High RRR, Weak in Collapse, Poor Stabilizer, Poor Accelerator, Low Sample Confidence",0.0,0.0,0.0,0.0,0.0
R Parag,Anchor / Stabilizer,0.32257213981132016,Low Risk Stabilizer,High Reliability,Death,No Strong Specialist Tag,Weak at Death,0.0,0.3344781339135953,0.31060534432385956,0.4014697496270091,0.31009067606864765
JC Archer,Aggressive Accelerator,0.32232712797076957,Low Risk Stabilizer,Low Reliability,Powerplay,No Strong Specialist Tag,"Weak at Death, Weak in High RRR, Poor Accelerator, Low Sample Confidence",0.0,0.0,0.3848480410710793,0.41800365710636833,0.0
MF Maharoof,Aggressive Accelerator,0.32079770255767914,Low Risk Stabilizer,Low Reliability,Death,No Strong Specialist Tag,"Weak at Death, Weak in High RRR, Poor Accelerator, Low Sample Confidence",0.0,0.0,0.3999079649732429,0.4363495469760247,0.0
SW Billings,Balanced Pressure Batter,0.3194121461166201,Low Risk Stabilizer,Medium Reliability,Death,No Strong Specialist Tag,"Weak at Death, Weak in High RRR, Weak in Collapse, Poor Stabilizer, Poor Accelerator",0.0,0.0,0.0,0.0,0.0
KR Mayers,Balanced Pressure Batter,0.3180783000583467,Low Risk Stabilizer,Medium Reliability,Powerplay,No Strong Specialist Tag,"Weak at Death, Weak in High RRR, Weak in Collapse, Poor Stabilizer, Poor Accelerator",0.0,0.0,0.0,0.0,0.0
A Ashish Reddy,Aggressive Accelerator,0.31788375776670247,Low Risk Stabilizer,Low Reliability,Middle,No Strong Specialist Tag,"Weak at Death, Weak in High RRR, Poor Accelerator, Low Sample Confidence",0.0,0.0,0.4024728139879317,0.41341032494011704,0.0
KV Sharma,Anchor / Stabilizer,0.31770809507640363,Low Risk Stabilizer,Medium Reliability,Powerplay,No Strong Specialist Tag,"Weak in High RRR, Poor Accelerator",0.3063897960967302,0.2879467420431986,0.4233872423256025,0.5177534662695165,0.23444681429454312
Mohammad Nabi,Aggressive Accelerator,0.31738977302418847,Low Risk Stabilizer,Low Reliability,Powerplay,No Strong Specialist Tag,"Weak at Death, Weak in High RRR, Poor Accelerator, Low Sample Confidence",0.0,0.0,0.3537398048159433,0.41190741594143404,0.0
Shakib Al Hasan,Aggressive Accelerator,0.3158570386479488,Low Risk Stabilizer,High Reliability,Death,No Strong Specialist Tag,"Weak in High RRR, Poor Accelerator",0.35539280152892133,0.0,0.33496110083801545,0.4091487335772193,0.0
PP Chawla,Anchor / Stabilizer,0.31448281534941336,Low Risk Stabilizer,High Reliability,Powerplay,No Strong Specialist Tag,"Weak at Death, Weak in High RRR, Poor Accelerator",0.25502629353681966,0.26083756037540723,0.44218104548728693,0.5020890941517442,0.2705280343374214
Y Nagar,Aggressive Accelerator,0.31433119380290636,Low Risk Stabilizer,Medium Reliability,Powerplay,No Strong Specialist Tag,"Weak at Death, Weak in High RRR, Poor Accelerator",0.0,0.0,0.40017120530409517,0.4499781044404291,0.0
SS Prabhudessai,Aggressive Accelerator,0.3129146121323753,Low Risk Stabilizer,Low Reliability,Middle,No Strong Specialist Tag,"Weak at Death, Weak in High RRR, Poor Accelerator, Low Sample Confidence",0.0,0.0,0.33891606147052455,0.40314894338348994,0.0
N Wadhera,Aggressive Accelerator,0.3097518661753791,Low Risk Stabilizer,Medium Reliability,Powerplay,No Strong Specialist Tag,"Weak at Death, Weak in High RRR, Poor Accelerator",0.0,0.0,0.3879692421152062,0.3466921474385817,0.0
S Badrinath,Aggressive Accelerator,0.3084844086072828,Low Risk Stabilizer,High Reliability,Death,No Strong Specialist Tag,"Weak at Death, Weak in High RRR, Poor Accelerator",0.0,0.0,0.3184095307859336,0.36328591026393897,0.0
SR Tendulkar,Aggressive Accelerator,0.3076868141596183,Low Risk Stabilizer,High Reliability,Middle,No Strong Specialist Tag,"Weak at Death, Weak in High RRR, Weak in Collapse, Poor Stabilizer, Poor Accelerator",0.0,0.0,0.18794485440924696,0.2567872546983713,0.0
LMP Simmons,Anchor / Stabilizer,0.3048601841432721,Low Risk Stabilizer,High Reliability,Middle,No Strong Specialist Tag,"Weak at Death, Weak in Collapse, Poor Stabilizer",0.0,0.46266169153112746,0.0,0.0,0.4295057893269439
AM Nayar,Anchor / Stabilizer,0.2998820691198262,Low Risk Stabilizer,High Reliability,Death,No Strong Specialist Tag,"Weak at Death, Weak in High RRR, Poor Accelerator",0.0,0.2907988721693548,0.3617073501924413,0.3957743166288187,0.2629258158993163
GJ Bailey,Aggressive Accelerator,0.29919795835678403,Low Risk Stabilizer,High Reliability,Death,No Strong Specialist Tag,"Weak at Death, Weak in High RRR, Poor Accelerator",0.0,0.0,0.3215697447592101,0.39094822237746385,0.0
KP Pietersen,Aggressive Accelerator,0.29832833578302187,Low Risk Stabilizer,High Reliability,Death,No Strong Specialist Tag,"Weak at Death, Weak in High RRR, Weak in Collapse, Poor Stabilizer, Poor Accelerator",0.0,0.1810266123517505,0.2742563520500384,0.29353785890827305,0.1256928141382207
NK Patel,Aggressive Accelerator,0.29746069569653333,Low Risk Stabilizer,Medium Reliability,Death,No Strong Specialist Tag,"Weak at Death, Weak in High RRR, Poor Accelerator",0.0,0.0,0.37222876167839125,0.45710995121734965,0.0
A Symonds,Aggressive Accelerator,0.2968161576891282,Low Risk Stabilizer,High Reliability,Death,No Strong Specialist Tag,"Weak at Death, Weak in High RRR, Weak in Collapse, Poor Stabilizer, Poor Accelerator",0.0,0.0,0.1891914500282746,0.24110145767302815,0.0
Abhishek Sharma,Balanced Pressure Batter,0.29634450376010224,Low Risk Stabilizer,High Reliability,Powerplay,No Strong Specialist Tag,"Weak at Death, Weak in High RRR, Weak in Collapse, Poor Stabilizer, Poor Accelerator",0.0,0.27715257367978047,0.09763318701212163,0.05097902544360192,0.249107096342052
SC Ganguly,Aggressive Accelerator,0.29404837979711385,Low Risk Stabilizer,High Reliability,Death,No Strong Specialist Tag,"Weak at Death, Weak in High RRR, Poor Accelerator",0.0,0.2614946088286636,0.37693675282970873,0.43554998607318574,0.21062699538210797
E Lewis,Balanced Pressure Batter,0.29377013028928883,Low Risk Stabilizer,Medium Reliability,Death,No Strong Specialist Tag,"Weak at Death, Weak in High RRR, Weak in Collapse, Poor Stabilizer, Poor Accelerator",0.0,0.0,0.0,0.0,0.0
SM Katich,Balanced Pressure Batter,0.2933299295353343,Low Risk Stabilizer,Medium Reliability,Powerplay,No Strong Specialist Tag,"Weak at Death, Weak in High RRR, Weak in Collapse, Poor Stabilizer, Poor Accelerator",0.0,0.0,0.0,0.0,0.0
S Aravind,Aggressive Accelerator,0.29298774302421393,Low Risk Stabilizer,Low Reliability,Powerplay,No Strong Specialist Tag,"Weak at Death, Weak in High RRR, Poor Accelerator, Low Sample Confidence",0.0,0.0,0.3579727528791123,0.4348612515219457,0.0
AD Mathews,Anchor / Stabilizer,0.29271686450521506,Low Risk Stabilizer,High Reliability,Middle,No Strong Specialist Tag,Weak at Death,0.0,0.36367142127342944,0.3436163333651844,0.4350408851944412,0.3309584464890947
AA Bilakhia,Balanced Pressure Batter,0.29258410113605243,Low Risk Stabilizer,Low Reliability,Death,No Strong Specialist Tag,"Weak at Death, Weak in High RRR, Weak in Collapse, Poor Stabilizer, Poor Accelerator, Low Sample Confidence",0.0,0.0,0.0,0.0,0.0
DB Das,Aggressive Accelerator,0.29140677594995984,Low Risk Stabilizer,Medium Reliability,Death,No Strong Specialist Tag,"Weak at Death, Weak in High RRR, Poor Accelerator",0.0,0.0,0.34019033315896813,0.42667684324756316,0.0
PA Reddy,Balanced Pressure Batter,0.2912792684738359,Low Risk Stabilizer,Medium Reliability,Death,No Strong Specialist Tag,"Weak at Death, Weak in High RRR, Weak in Collapse, Poor Stabilizer, Poor Accelerator",0.0,0.0,0.0,0.0,0.0
Sikandar Raza,Aggressive Accelerator,0.290525235806845,Low Risk Stabilizer,Medium Reliability,Middle,No Strong Specialist Tag,"Weak at Death, Weak in High RRR, Weak in Collapse, Poor Accelerator",0.0,0.0,0.2714797183548155,0.34537810571027805,0.0
PN Mankad,Balanced Pressure Batter,0.29013493467336554,Low Risk Stabilizer,Low Reliability,Middle,No Strong Specialist Tag,"Weak at Death, Weak in High RRR, Weak in Collapse, Poor Stabilizer, Poor Accelerator, Low Sample Confidence",0.0,0.0,0.0,0.0,0.0
MM Ali,Anchor / Stabilizer,0.2898938970451277,Low Risk Stabilizer,High Reliability,Middle,No Strong Specialist Tag,"Weak at Death, Weak in Collapse",0.0,0.34316184820724166,0.29865643270373776,0.3062127708304198,0.318039499073236
JD Unadkat,Anchor / Stabilizer,0.2893497714968017,Low Risk Stabilizer,Low Reliability,Powerplay,No Strong Specialist Tag,"Weak at Death, Poor Accelerator, Low Sample Confidence",0.0,0.30157230142975117,0.37284573445293767,0.4491707532210414,0.278018668582984
DP Conway,Balanced Pressure Batter,0.28617611232917045,Low Risk Stabilizer,High Reliability,Death,No Strong Specialist Tag,"Weak at Death, Weak in High RRR, Weak in Collapse, Poor Stabilizer, Poor Accelerator",0.0,0.0,0.0,0.0,0.0
HV Patel,Anchor / Stabilizer,0.28576498449745547,Low Risk Stabilizer,Medium Reliability,Powerplay,No Strong Specialist Tag,Weak at Death,0.0,0.305099073429547,0.379107754901493,0.42601690946230847,0.3303663378200494
MJ Guptill,Balanced Pressure Batter,0.28498273809910635,Low Risk Stabilizer,Low Reliability,Middle,No Strong Specialist Tag,"Weak at Death, Weak in High RRR, Weak in Collapse, Poor Stabilizer, Poor Accelerator, Low Sample Confidence",0.0,0.0,0.0,0.0,0.0
Iqbal Abdulla,Aggressive Accelerator,0.2846759335034072,Low Risk Stabilizer,Low Reliability,Powerplay,No Strong Specialist Tag,"Weak at Death, Weak in High RRR, Poor Accelerator, Low Sample Confidence",0.0,0.0,0.3498813163495392,0.4708328399368378,0.0
AS Raut,Aggressive Accelerator,0.2838614245558595,Low Risk Stabilizer,Low Reliability,Death,No Strong Specialist Tag,"Weak at Death, Weak in High RRR, Poor Accelerator, Low Sample Confidence",0.0,0.0,0.35331174722280073,0.4623371808067047,0.0
RM Patidar,Anchor / Stabilizer,0.2826670586699116,Low Risk Stabilizer,Medium Reliability,Middle,No Strong Specialist Tag,"Weak at Death, Weak in Collapse, Poor Stabilizer",0.0,0.3510494828748023,0.20108644278324234,0.2635163425228545,0.32270802702550444
B Chipli,Balanced Pressure Batter,0.2821240027277844,Low Risk Stabilizer,Medium Reliability,Death,No Strong Specialist Tag,"Weak at Death, Weak in High RRR, Weak in Collapse, Poor Stabilizer, Poor Accelerator",0.0,0.0,0.0,0.0,0.0
MM Sharma,Aggressive Accelerator,0.281644773816028,Low Risk Stabilizer,Low Reliability,Powerplay,No Strong Specialist Tag,"Weak at Death, Weak in High RRR, Poor Accelerator, Low Sample Confidence",0.0,0.0,0.3458878527561576,0.4218497174376092,0.0
DT Christian,Aggressive Accelerator,0.2816407983585081,Low Risk Stabilizer,Medium Reliability,Death,No Strong Specialist Tag,"Weak at Death, Weak in High RRR, Poor Accelerator",0.0,0.0,0.3474386853787019,0.36639170589170317,0.0
MD Mishra,Balanced Pressure Batter,0.280571830138549,Low Risk Stabilizer,Medium Reliability,Death,No Strong Specialist Tag,"Weak at Death, Weak in High RRR, Weak in Collapse, Poor Stabilizer, Poor Accelerator",0.0,0.0,0.0,0.0,0.0
S Rana,Aggressive Accelerator,0.2805650492903039,Low Risk Stabilizer,Low Reliability,Death,No Strong Specialist Tag,"Weak at Death, Weak in High RRR, Poor Accelerator, Low Sample Confidence",0.0,0.0,0.3410097204094181,0.3887631972325772,0.0
MJ McClenaghan,Aggressive Accelerator,0.2802927882507864,Moderate Profile,Low Reliability,Death,No Strong Specialist Tag,"Weak at Death, Weak in High RRR, Poor Accelerator, Low Sample Confidence",0.0,0.0,0.3196562652096613,0.31197979161649514,0.0
TM Head,Balanced Pressure Batter,0.279578478217695,Low Risk Stabilizer,Medium Reliability,Powerplay,No Strong Specialist Tag,"Weak at Death, Weak in High RRR, Weak in Collapse, Poor Stabilizer, Poor Accelerator",0.0,0.0,0.0,0.0,0.0
M Vijay,Aggressive Accelerator,0.27908479474674996,Low Risk Stabilizer,High Reliability,Death,No Strong Specialist Tag,"Weak at Death, Weak in High RRR, Weak in Collapse, Poor Stabilizer, Poor Accelerator",0.0,0.0,0.1854372818587562,0.1891226947500001,0.0
J Suchith,Aggressive Accelerator,0.2782378838931428,Low Risk Stabilizer,Low Reliability,Powerplay,No Strong Specialist Tag,"Weak at Death, Weak in High RRR, Poor Accelerator, Low Sample Confidence",0.0,0.0,0.3662388102385982,0.422854942974462,0.0
N Jagadeesan,Balanced Pressure Batter,0.2770328382876722,Low Risk Stabilizer,Low Reliability,Powerplay,No Strong Specialist Tag,"Weak at Death, Weak in High RRR, Weak in Collapse, Poor Stabilizer, Poor Accelerator, Low Sample Confidence",0.0,0.0,0.0,0.0,0.0
B Lee,Aggressive Accelerator,0.27700723439364777,Low Risk Stabilizer,Low Reliability,Powerplay,No Strong Specialist Tag,"Weak at Death, Weak in High RRR, Poor Accelerator, Low Sample Confidence",0.0,0.0,0.34550115770913464,0.3944251819448139,0.0
AJ Tye,Aggressive Accelerator,0.27634158015475563,Low Risk Stabilizer,Low Reliability,Powerplay,No Strong Specialist Tag,"Weak at Death, Weak in High RRR, Poor Accelerator, Low Sample Confidence",0.0,0.0,0.3570683930671547,0.3929288749823514,0.0
A Badoni,Aggressive Accelerator,0.2748261556844078,Low Risk Stabilizer,Medium Reliability,Death,No Strong Specialist Tag,"Weak at Death, Weak in High RRR, Poor Accelerator",0.0,0.2449622865442964,0.32628341529350935,0.39158900406072,0.2145097447967126
JD Ryder,Balanced Pressure Batter,0.274562346406949,Low Risk Stabilizer,High Reliability,Powerplay,No Strong Specialist Tag,"Weak at Death, Weak in High RRR, Weak in Collapse, Poor Stabilizer, Poor Accelerator",0.0,0.0,0.0,0.0,0.0
Shahbaz Ahmed,Aggressive Accelerator,0.2734504761464077,Low Risk Stabilizer,High Reliability,Death,No Strong Specialist Tag,"Weak at Death, Weak in High RRR, Poor Accelerator",0.0,0.26426821965316816,0.35351583362414063,0.43272837657067426,0.21573908776685735
UT Yadav,Aggressive Accelerator,0.2729764195363852,Low Risk Stabilizer,Medium Reliability,Powerplay,No Strong Specialist Tag,"Weak at Death, Weak in High RRR, Poor Accelerator",0.24087528097029565,0.16144557951083321,0.38986446145721126,0.4698131228511778,0.13659697403610033
P Kumar,Anchor / Stabilizer,0.272898680196168,Low Risk Stabilizer,Medium Reliability,Death,No Strong Specialist Tag,"Weak at Death, Weak in High RRR, Poor Accelerator",0.2139399720427936,0.26462596002659133,0.3758925245597413,0.4627175733108839,0.24568443242404078
Gurkeerat Singh,Aggressive Accelerator,0.27253683302749837,Low Risk Stabilizer,High Reliability,Death,No Strong Specialist Tag,"Weak at Death, Weak in High RRR, Poor Accelerator",0.0,0.1140179369277046,0.35180206819599485,0.41016588271194465,0.05872419458994182
SD Chitnis,Balanced Pressure Batter,0.2718905375793584,Low Risk Stabilizer,Low Reliability,Powerplay,No Strong Specialist Tag,"Weak at Death, Weak in High RRR, Weak in Collapse, Poor Stabilizer, Poor Accelerator, Low Sample Confidence",0.0,0.0,0.0,0.0,0.0
Lalit Yadav,Anchor / Stabilizer,0.2712807060536488,Low Risk Stabilizer,High Reliability,Middle,No Strong Specialist Tag,"Weak at Death, Weak in High RRR, Poor Accelerator",0.0,0.2817909488119864,0.34108156752454255,0.4256109086918658,0.26080167032793244
R Shepherd,Aggressive Accelerator,0.270784567175278,Low Risk Stabilizer,Low Reliability,Powerplay,No Strong Specialist Tag,"Weak at Death, Weak in High RRR, Poor Accelerator, Low Sample Confidence",0.0,0.0,0.3375543982459635,0.3881559305591829,0.0
D Brevis,Balanced Pressure Batter,0.269860290511116,Low Risk Stabilizer,Medium Reliability,Middle,No Strong Specialist Tag,"Weak at Death, Weak in High RRR, Weak in Collapse, Poor Stabilizer, Poor Accelerator",0.0,0.0,0.0,0.0,0.0
MR Marsh,Aggressive Accelerator,0.2688882588348048,Low Risk Stabilizer,High Reliability,Powerplay,No Strong Specialist Tag,"Weak at Death, Weak in High RRR, Weak in Collapse, Poor Accelerator",0.0,0.20712875683152787,0.2691560126849267,0.3043291665255702,0.1545138807242882
Nithish Kumar Reddy,Balanced Pressure Batter,0.26745366537915527,Low Risk Stabilizer,Low Reliability,Death,No Strong Specialist Tag,"Weak at Death, Weak in High RRR, Weak in Collapse, Poor Stabilizer, Poor Accelerator, Low Sample Confidence",0.0,0.0,0.0,0.0,0.0
R Bhatia,Aggressive Accelerator,0.26684724014027245,Low Risk Stabilizer,Medium Reliability,Powerplay,No Strong Specialist Tag,"Weak at Death, Weak in High RRR, Poor Accelerator",0.0,0.0,0.35966603405097575,0.44513429315724695,0.0
D Padikkal,Balanced Pressure Batter,0.2663433216807559,Low Risk Stabilizer,High Reliability,Death,No Strong Specialist Tag,"Weak at Death, Weak in High RRR, Weak in Collapse, Poor Stabilizer, Poor Accelerator",0.0,0.0,0.0,0.0,0.0
DJG Sammy,Aggressive Accelerator,0.2659564058375746,Low Risk Stabilizer,Low Reliability,Death,No Strong Specialist Tag,"Weak at Death, Weak in High RRR, Poor Accelerator, Low Sample Confidence",0.0,0.0,0.30729557501331084,0.3294770140475095,0.0
MA Starc,Aggressive Accelerator,0.2659111634392184,Low Risk Stabilizer,Low Reliability,Powerplay,No Strong Specialist Tag,"Weak at Death, Weak in High RRR, Poor Accelerator, Low Sample Confidence",0.0,0.0,0.32931315458769483,0.4190497024646228,0.0
M Manhas,Aggressive Accelerator,0.26540691898533253,Low Risk Stabilizer,High Reliability,Death,No Strong Specialist Tag,"Weak at Death, Weak in High RRR, Poor Accelerator",0.24370546845461943,0.0,0.3060207813595321,0.3670505567890465,0.0
C de Grandhomme,Aggressive Accelerator,0.26364161544651427,Low Risk Stabilizer,Medium Reliability,Middle,No Strong Specialist Tag,"Weak at Death, Weak in High RRR, Poor Accelerator",0.0,0.0,0.36615015514438354,0.4631762164561518,0.0
MEK Hussey,Balanced Pressure Batter,0.2622112786392229,Low Risk Stabilizer,High Reliability,Death,No Strong Specialist Tag,"Weak at Death, Weak in High RRR, Weak in Collapse, Poor Stabilizer, Poor Accelerator",0.0,0.0,0.12053956728021854,0.21585392168376688,0.0
Mohammed Siraj,Anchor / Stabilizer,0.2618235589591509,Low Risk Stabilizer,Low Reliability,Powerplay,No Strong Specialist Tag,"Weak at Death, Poor Accelerator, Low Sample Confidence",0.0,0.30010075816237547,0.3458820610587821,0.4470228730997274,0.2630712976288484
JO Holder,Aggressive Accelerator,0.2615690926666878,Low Risk Stabilizer,Medium Reliability,Middle,No Strong Specialist Tag,"Weak at Death, Weak in High RRR, Poor Accelerator",0.0,0.0,0.33769779567428276,0.4067163263803405,0.0
MC Juneja,Balanced Pressure Batter,0.2613981842234976,Low Risk Stabilizer,Low Reliability,Powerplay,No Strong Specialist Tag,"Weak at Death, Weak in High RRR, Weak in Collapse, Poor Stabilizer, Poor Accelerator, Low Sample Confidence",0.0,0.0,0.0,0.0,0.0
JEC Franklin,Aggressive Accelerator,0.26111412855476296,Low Risk Stabilizer,High Reliability,Death,No Strong Specialist Tag,"Weak at Death, Weak in High RRR, Poor Accelerator",0.0,0.0,0.3117495647533119,0.4185155202057631,0.0
ST Jayasuriya,Balanced Pressure Batter,0.25969857844243915,Low Risk Stabilizer,High Reliability,Middle,No Strong Specialist Tag,"Weak at Death, Weak in High RRR, Weak in Collapse, Poor Stabilizer, Poor Accelerator",0.0,0.0,0.0,0.0,0.0
OA Shah,Balanced Pressure Batter,0.25958556598029037,Low Risk Stabilizer,Medium Reliability,Powerplay,No Strong Specialist Tag,"Weak at Death, Weak in Collapse, Poor Stabilizer",0.0,0.34410826936984507,0.0,0.0,0.30237001727808654
SD Hope,Balanced Pressure Batter,0.2592587749591817,Low Risk Stabilizer,Low Reliability,Powerplay,No Strong Specialist Tag,"Weak at Death, Weak in High RRR, Weak in Collapse, Poor Stabilizer, Poor Accelerator, Low Sample Confidence",0.0,0.0,0.0,0.0,0.0
TR Birt,Balanced Pressure Batter,0.25815689652968277,Low Risk Stabilizer,Low Reliability,Death,No Strong Specialist Tag,"Weak at Death, Weak in High RRR, Weak in Collapse, Poor Stabilizer, Poor Accelerator, Low Sample Confidence",0.0,0.0,0.0,0.0,0.0
Anuj Rawat,Aggressive Accelerator,0.258122811046506,Low Risk Stabilizer,Medium Reliability,Death,No Strong Specialist Tag,"Weak at Death, Weak in High RRR, Poor Stabilizer, Poor Accelerator",0.0,0.0,0.30133019189443866,0.28315656408825696,0.0
CR Brathwaite,Balanced Pressure Batter,0.2581147698838361,Moderate Profile,Low Reliability,Powerplay,No Strong Specialist Tag,"Weak at Death, Weak in High RRR, Weak in Collapse, Poor Stabilizer, Poor Accelerator, Low Sample Confidence",0.0,0.0,0.0,0.0,0.0
A Mishra,Aggressive Accelerator,0.2577727893840902,Low Risk Stabilizer,High Reliability,Powerplay,No Strong Specialist Tag,"Weak at Death, Weak in High RRR, Poor Accelerator",0.23600870436847693,0.21938867219804242,0.41573072657461585,0.568579278118998,0.16640006983592667
CM Gautam,Aggressive Accelerator,0.2567569320976,Low Risk Stabilizer,Low Reliability,Powerplay,No Strong Specialist Tag,"Weak at Death, Weak in High RRR, Poor Accelerator, Low Sample Confidence",0.0,0.0,0.32572956590759694,0.4225890770380706,0.0
M Kaif,Aggressive Accelerator,0.25487229312698645,Low Risk Stabilizer,Medium Reliability,Middle,No Strong Specialist Tag,"Weak at Death, Weak in High RRR, Poor Accelerator",0.0,0.0,0.3097600503349336,0.3192883534586206,0.0
KC Sangakkara,Balanced Pressure Batter,0.2544819277376486,Low Risk Stabilizer,High Reliability,Death,No Strong Specialist Tag,"Weak at Death, Weak in High RRR, Weak in Collapse, Poor Stabilizer, Poor Accelerator",0.0,0.22647945135872116,0.06983912646675107,0.10263714708528261,0.19117661947796208
B Kumar,Aggressive Accelerator,0.2537148326288571,Low Risk Stabilizer,High Reliability,Powerplay,No Strong Specialist Tag,"Weak at Death, Weak in High RRR, Poor Accelerator",0.1947487720413751,0.2777518273972187,0.4164150387682696,0.5464392419017707,0.23633982563566855
Anmolpreet Singh,Balanced Pressure Batter,0.2530501784681247,Low Risk Stabilizer,Low Reliability,Powerplay,No Strong Specialist Tag,"Weak at Death, Weak in High RRR, Weak in Collapse, Poor Stabilizer, Poor Accelerator, Low Sample Confidence",0.0,0.0,0.0,0.0,0.0
MC Henriques,Aggressive Accelerator,0.2525638165254046,Low Risk Stabilizer,High Reliability,Middle,No Strong Specialist Tag,"Weak at Death, Weak in High RRR, Weak in Collapse, Poor Stabilizer, Poor Accelerator",0.0,0.0,0.2521618805079656,0.27956232683193205,0.0
C Munro,Balanced Pressure Batter,0.25209500075110614,Low Risk Stabilizer,Low Reliability,Powerplay,No Strong Specialist Tag,"Weak at Death, Weak in High RRR, Weak in Collapse, Poor Stabilizer, Poor Accelerator, Low Sample Confidence",0.0,0.0,0.0,0.0,0.0
R Dhawan,Aggressive Accelerator,0.2509757660473879,Low Risk Stabilizer,Medium Reliability,Powerplay,No Strong Specialist Tag,"Weak at Death, Weak in High RRR, Poor Accelerator",0.0,0.0,0.3260731815096881,0.4495149278369125,0.0
R Vinay Kumar,Aggressive Accelerator,0.25054849417552894,Low Risk Stabilizer,Medium Reliability,Powerplay,No Strong Specialist Tag,"Weak at Death, Weak in High RRR, Poor Accelerator",0.16407531804799258,0.2213765997701559,0.3576547590048054,0.4863439319466465,0.17828136647902137
P Negi,Aggressive Accelerator,0.2500862980392415,Low Risk Stabilizer,Medium Reliability,Powerplay,No Strong Specialist Tag,"Weak at Death, Weak in High RRR, Weak in Collapse, Poor Accelerator",0.0,0.0,0.29974989095293236,0.39302643613857996,0.0
DL Vettori,Aggressive Accelerator,0.24996108463172875,Low Risk Stabilizer,Low Reliability,Powerplay,No Strong Specialist Tag,"Weak at Death, Weak in High RRR, Poor Accelerator, Low Sample Confidence",0.0,0.0,0.31829027694071327,0.4227330437411275,0.0
S Gopal,Aggressive Accelerator,0.24888522588826767,Low Risk Stabilizer,Low Reliability,Powerplay,No Strong Specialist Tag,"Weak at Death, Weak in High RRR, Poor Accelerator, Low Sample Confidence",0.0,0.0,0.3289145038201653,0.4129265856578335,0.0
Sachin Baby,Aggressive Accelerator,0.24869701709957515,Low Risk Stabilizer,Low Reliability,Death,No Strong Specialist Tag,"Weak at Death, Weak in High RRR, Weak in Collapse, Poor Stabilizer, Poor Accelerator, Low Sample Confidence",0.0,0.0,0.2253554089715084,0.2556281901738675,0.0
Mohammed Shami,Aggressive Accelerator,0.24806565234245073,Low Risk Stabilizer,Low Reliability,Powerplay,No Strong Specialist Tag,"Weak at Death, Weak in High RRR, Poor Accelerator, Low Sample Confidence",0.0,0.0,0.3199198195209612,0.34695911595461904,0.0
MJ Clarke,Balanced Pressure Batter,0.24753124608889313,Low Risk Stabilizer,Low Reliability,Powerplay,No Strong Specialist Tag,"Weak at Death, Weak in High RRR, Weak in Collapse, Poor Stabilizer, Poor Accelerator, Low Sample Confidence",0.0,0.0,0.0,0.0,0.0
Rahmanullah Gurbaz,Balanced Pressure Batter,0.2473579068473965,Low Risk Stabilizer,Medium Reliability,Powerplay,No Strong Specialist Tag,"Weak at Death, Weak in High RRR, Weak in Collapse, Poor Stabilizer, Poor Accelerator",0.0,0.0,0.0,0.0,0.0
R Sathish,Aggressive Accelerator,0.24732720076034953,Low Risk Stabilizer,Medium Reliability,Powerplay,No Strong Specialist Tag,"Weak at Death, Weak in High RRR, Weak in Collapse, Poor Accelerator",0.0,0.0,0.2586096824761883,0.3757727004471244,0.0
Abishek Porel,Balanced Pressure Batter,0.24650202941677035,Low Risk Stabilizer,Low Reliability,Middle,No Strong Specialist Tag,"Weak at Death, Weak in Collapse, Poor Stabilizer, Poor Accelerator, Low Sample Confidence",0.0,0.3148188503336833,0.09797886861697346,0.15192458521157,0.29519385190479774
PD Collingwood,Aggressive Accelerator,0.2461641697668984,Low Risk Stabilizer,Low Reliability,Powerplay,No Strong Specialist Tag,"Weak at Death, Weak in High RRR, Poor Accelerator, Low Sample Confidence",0.0,0.0,0.3092089908783261,0.38746124379956715,0.0
S Vidyut,Balanced Pressure Batter,0.2448093025863035,Low Risk Stabilizer,Low Reliability,Powerplay,No Strong Specialist Tag,"Weak at Death, Weak in High RRR, Weak in Collapse, Poor Stabilizer, Poor Accelerator, Low Sample Confidence",0.0,0.0,0.0,0.0,0.0
A Manohar,Balanced Pressure Batter,0.24451743726808906,Low Risk Stabilizer,Low Reliability,Death,No Strong Specialist Tag,"Weak at Death, Weak in High RRR, Weak in Collapse, Poor Stabilizer, Poor Accelerator, Low Sample Confidence",0.0,0.0,0.0,0.0,0.0
YV Takawale,Balanced Pressure Batter,0.24450004867718889,Low Risk Stabilizer,Medium Reliability,Middle,No Strong Specialist Tag,"Weak at Death, Weak in High RRR, Weak in Collapse, Poor Stabilizer, Poor Accelerator",0.0,0.0,0.0,0.0,0.0
KS Bharat,Balanced Pressure Batter,0.24434885280934318,Low Risk Stabilizer,Medium Reliability,Death,No Strong Specialist Tag,"Weak at Death, Weak in High RRR, Weak in Collapse, Poor Stabilizer, Poor Accelerator",0.0,0.0,0.0,0.0,0.0
DB Ravi Teja,Aggressive Accelerator,0.2434909060512175,Low Risk Stabilizer,Medium Reliability,Death,No Strong Specialist Tag,"Weak at Death, Weak in High RRR, Weak in Collapse, Poor Accelerator",0.0,0.28276960574722937,0.2627837735915252,0.3220922339762163,0.25353954296178405
K Rabada,Aggressive Accelerator,0.24027420981716002,Low Risk Stabilizer,Medium Reliability,Death,No Strong Specialist Tag,"Weak at Death, Weak in High RRR, Poor Accelerator",0.0,0.20131260867955036,0.3427601843019929,0.4514480206145493,0.17220312892483636
SK Warne,Aggressive Accelerator,0.23898035500398324,Low Risk Stabilizer,Medium Reliability,Powerplay,No Strong Specialist Tag,"Weak at Death, Weak in High RRR, Poor Accelerator",0.0,0.0,0.3263622104827385,0.4192848018489108,0.0
JDS Neesham,Aggressive Accelerator,0.23656836976885554,Low Risk Stabilizer,Low Reliability,Powerplay,No Strong Specialist Tag,"Weak at Death, Weak in High RRR, Weak in Collapse, Poor Accelerator, Low Sample Confidence",0.0,0.0,0.29554343609643813,0.3892548102625783,0.0
AB McDonald,Aggressive Accelerator,0.23648678528735112,Low Risk Stabilizer,Low Reliability,Powerplay,No Strong Specialist Tag,"Weak at Death, Weak in High RRR, Weak in Collapse, Poor Accelerator, Low Sample Confidence",0.0,0.0,0.2880829738360444,0.4250873342318289,0.0
CJ Anderson,Balanced Pressure Batter,0.23615424255961454,Low Risk Stabilizer,Medium Reliability,Middle,No Strong Specialist Tag,"Weak at Death, Weak in High RRR, Weak in Collapse, Poor Stabilizer, Poor Accelerator",0.0,0.0,0.031026836020073358,0.09550323189833838,0.0
AB Agarkar,Aggressive Accelerator,0.23549587780609793,Low Risk Stabilizer,Low Reliability,Powerplay,No Strong Specialist Tag,"Weak at Death, Weak in High RRR, Weak in Collapse, Poor Accelerator, Low Sample Confidence",0.0,0.0,0.25921005306810346,0.41368368558957763,0.0
MG Johnson,Aggressive Accelerator,0.23406438726356454,Low Risk Stabilizer,Low Reliability,Powerplay,No Strong Specialist Tag,"Weak at Death, Weak in High RRR, Poor Accelerator, Low Sample Confidence",0.0,0.0,0.30533481446080574,0.3915731606556103,0.0
UT Khawaja,Balanced Pressure Batter,0.23341431816226416,Low Risk Stabilizer,Low Reliability,Powerplay,No Strong Specialist Tag,"Weak at Death, Weak in High RRR, Weak in Collapse, Poor Stabilizer, Poor Accelerator, Low Sample Confidence",0.0,0.0,0.0,0.0,0.0
RS Bopara,Aggressive Accelerator,0.2319594937869644,Low Risk Stabilizer,Medium Reliability,Death,No Strong Specialist Tag,"Weak at Death, Weak in High RRR, Weak in Collapse, Poor Stabilizer, Poor Accelerator",0.0,0.0,0.17949887952301014,0.21545272503367463,0.0
CA Pujara,Aggressive Accelerator,0.23096984012180197,Low Risk Stabilizer,Medium Reliability,Death,No Strong Specialist Tag,"Weak at Death, Weak in High RRR, Poor Accelerator",0.0,0.0,0.32521600480087376,0.3569608710004453,0.0
M Rawat,Aggressive Accelerator,0.23080338023505828,Low Risk Stabilizer,Low Reliability,Death,No Strong Specialist Tag,"Weak at Death, Weak in High RRR, Weak in Collapse, Poor Accelerator, Low Sample Confidence",0.0,0.0,0.28321238085569406,0.43499058887422015,0.0
TL Suman,Aggressive Accelerator,0.22979877666243165,Low Risk Stabilizer,High Reliability,Middle,No Strong Specialist Tag,"Weak at Death, Weak in High RRR, Weak in Collapse, Poor Accelerator",0.0,0.0,0.23519153333707118,0.3483314436921431,0.0
J Botha,Balanced Pressure Batter,0.2294548010765608,Low Risk Stabilizer,High Reliability,Death,No Strong Specialist Tag,"Weak at Death, Weak in High RRR, Weak in Collapse, Poor Stabilizer, Poor Accelerator",0.0,0.0,0.10705448477141496,0.1636290179331019,0.0
CL White,Balanced Pressure Batter,0.22806843295995136,Low Risk Stabilizer,High Reliability,Death,No Strong Specialist Tag,"Weak at Death, Weak in High RRR, Weak in Collapse, Poor Stabilizer, Poor Accelerator",0.0,0.20494266261908015,0.06225876730341753,0.13096337126407281,0.172556751757778
RD Chahar,Aggressive Accelerator,0.22699239086767484,Low Risk Stabilizer,Low Reliability,Powerplay,No Strong Specialist Tag,"Weak at Death, Weak in High RRR, Poor Accelerator, Low Sample Confidence",0.0,0.0,0.3011864492231716,0.37508377900460355,0.0
Harpreet Brar,Aggressive Accelerator,0.22689278006644475,Low Risk Stabilizer,Low Reliability,Powerplay,No Strong Specialist Tag,"Weak at Death, Weak in High RRR, Weak in Collapse, Poor Accelerator, Low Sample Confidence",0.0,0.0,0.2963130895823771,0.39679144124527016,0.0
AC Blizzard,Balanced Pressure Batter,0.22655986523232916,Low Risk Stabilizer,Low Reliability,Middle,No Strong Specialist Tag,"Weak at Death, Weak in High RRR, Weak in Collapse, Poor Stabilizer, Poor Accelerator, Low Sample Confidence",0.0,0.0,0.0,0.0,0.0
LA Pomersbach,Balanced Pressure Batter,0.2262981244611994,Low Risk Stabilizer,Medium Reliability,Death,No Strong Specialist Tag,"Weak at Death, Weak in High RRR, Weak in Collapse, Poor Stabilizer, Poor Accelerator",0.0,0.0,0.0,0.0,0.0
CA Ingram,Balanced Pressure Batter,0.22578363669863805,Low Risk Stabilizer,Medium Reliability,Death,No Strong Specialist Tag,"Weak at Death, Weak in High RRR, Weak in Collapse, Poor Stabilizer, Poor Accelerator",0.0,0.0,0.0,0.0,0.0
UBT Chand,Balanced Pressure Batter,0.22577408978762536,Low Risk Stabilizer,Medium Reliability,Powerplay,No Strong Specialist Tag,"Weak at Death, Weak in High RRR, Weak in Collapse, Poor Stabilizer, Poor Accelerator",0.0,0.0,0.0,0.0,0.0
LA Carseldine,Balanced Pressure Batter,0.22545485990879646,Low Risk Stabilizer,Low Reliability,Powerplay,No Strong Specialist Tag,"Weak at Death, Weak in High RRR, Weak in Collapse, Poor Stabilizer, Poor Accelerator, Low Sample Confidence",0.0,0.0,0.0,0.0,0.0
P Dogra,Aggressive Accelerator,0.2238507485790216,Low Risk Stabilizer,Low Reliability,Powerplay,No Strong Specialist Tag,"Weak at Death, Weak in High RRR, Weak in Collapse, Poor Accelerator, Low Sample Confidence",0.0,0.0,0.2915157488990732,0.38693185940347896,0.0
DJ Willey,Aggressive Accelerator,0.22360312937878332,Low Risk Stabilizer,Low Reliability,Death,No Strong Specialist Tag,"Weak at Death, Weak in High RRR, Weak in Collapse, Poor Accelerator, Low Sample Confidence",0.0,0.0,0.2721931162490874,0.3921870132653329,0.0
HH Gibbs,Balanced Pressure Batter,0.22323095020145084,Low Risk Stabilizer,High Reliability,Death,No Strong Specialist Tag,"Weak at Death, Weak in High RRR, Weak in Collapse, Poor Stabilizer, Poor Accelerator",0.0,0.0,0.0,0.0,0.0
MS Wade,Balanced Pressure Batter,0.22309910693392676,Low Risk Stabilizer,Medium Reliability,Powerplay,No Strong Specialist Tag,"Weak at Death, Weak in High RRR, Weak in Collapse, Poor Stabilizer, Poor Accelerator",0.0,0.0,0.0,0.0,0.0
DS Kulkarni,Aggressive Accelerator,0.2228609172115747,Low Risk Stabilizer,Low Reliability,Powerplay,No Strong Specialist Tag,"Weak at Death, Weak in High RRR, Weak in Collapse, Poor Accelerator, Low Sample Confidence",0.0,0.0,0.2940812799484504,0.43866500012881393,0.0
RE van der Merwe,Aggressive Accelerator,0.22223180347581867,Low Risk Stabilizer,Low Reliability,Powerplay,No Strong Specialist Tag,"Weak at Death, Weak in High RRR, Weak in Collapse, Poor Accelerator, Low Sample Confidence",0.0,0.0,0.20681682726783945,0.30803852869593884,0.0
DL Chahar,Aggressive Accelerator,0.22162390708570032,Low Risk Stabilizer,Low Reliability,Powerplay,No Strong Specialist Tag,"Weak at Death, Weak in High RRR, Weak in Collapse, Poor Accelerator, Low Sample Confidence",0.0,0.0,0.2767292673854154,0.303308680418307,0.0
Tanush Kotian,Balanced Pressure Batter,0.2205487684030647,Low Risk Stabilizer,Low Reliability,Middle,No Strong Specialist Tag,"Weak at Death, Weak in High RRR, Weak in Collapse, Poor Stabilizer, Poor Accelerator, Low Sample Confidence",0.0,0.0,0.0,0.0,0.0
RE Levi,Balanced Pressure Batter,0.21897747094597553,Low Risk Stabilizer,Low Reliability,Middle,No Strong Specialist Tag,"Weak at Death, Weak in High RRR, Weak in Collapse, Poor Stabilizer, Poor Accelerator, Low Sample Confidence",0.0,0.0,0.0,0.0,0.0
RV Patel,Aggressive Accelerator,0.2186661751335635,Low Risk Stabilizer,Low Reliability,Powerplay,No Strong Specialist Tag,"Weak at Death, Weak in High RRR, Weak in Collapse, Poor Accelerator, Low Sample Confidence",0.0,0.0,0.22474107964240925,0.35315173553706336,0.0
Shivam Mavi,Aggressive Accelerator,0.21821823192997775,Low Risk Stabilizer,Low Reliability,Powerplay,No Strong Specialist Tag,"Weak at Death, Weak in High RRR, Weak in Collapse, Poor Accelerator, Low Sample Confidence",0.0,0.0,0.27349500324950954,0.33882353356540407,0.0
SL Malinga,Aggressive Accelerator,0.21694293415082067,Low Risk Stabilizer,Low Reliability,Powerplay,No Strong Specialist Tag,"Weak at Death, Weak in High RRR, Weak in Collapse, Poor Accelerator, Low Sample Confidence",0.0,0.23842098490795136,0.29804760555195525,0.37784107039222914,0.21422387790735775
AL Menaria,Aggressive Accelerator,0.21664404473400584,Low Risk Stabilizer,Medium Reliability,Middle,No Strong Specialist Tag,"Weak at Death, Weak in High RRR, Weak in Collapse, Poor Stabilizer, Poor Accelerator",0.0,0.0,0.1549447048861523,0.277721756378435,0.0
AP Majumdar,Balanced Pressure Batter,0.2163020858680009,Low Risk Stabilizer,Low Reliability,Powerplay,No Strong Specialist Tag,"Weak at Death, Weak in High RRR, Weak in Collapse, Poor Stabilizer, Poor Accelerator, Low Sample Confidence",0.0,0.0,0.0,0.0,0.0
MJ Santner,Aggressive Accelerator,0.2134040067189109,Low Risk Stabilizer,Low Reliability,Death,No Strong Specialist Tag,"Weak at Death, Weak in High RRR, Weak in Collapse, Poor Accelerator, Low Sample Confidence",0.0,0.0,0.2815054817675909,0.37370034498942456,0.0
HM Amla,Balanced Pressure Batter,0.21083166413419668,Low Risk Stabilizer,Medium Reliability,Middle,No Strong Specialist Tag,"Weak at Death, Weak in High RRR, Weak in Collapse, Poor Stabilizer, Poor Accelerator",0.0,0.0,0.0,0.0,0.0
MN van Wyk,Balanced Pressure Batter,0.21076058224119343,Low Risk Stabilizer,Low Reliability,Middle,No Strong Specialist Tag,"Weak at Death, Weak in High RRR, Weak in Collapse, Poor Stabilizer, Poor Accelerator, Low Sample Confidence",0.0,0.0,0.0,0.0,0.0
T Kohler-Cadmore,Balanced Pressure Batter,0.21010983763039034,Low Risk Stabilizer,Low Reliability,Powerplay,No Strong Specialist Tag,"Weak at Death, Weak in High RRR, Weak in Collapse, Poor Stabilizer, Poor Accelerator, Low Sample Confidence",0.0,0.0,0.0,0.0,0.0
M Kartik,Aggressive Accelerator,0.20807719603563024,Low Risk Stabilizer,Low Reliability,Powerplay,No Strong Specialist Tag,"Weak at Death, Weak in High RRR, Weak in Collapse, Poor Accelerator, Low Sample Confidence",0.0,0.0,0.2534526158554542,0.4139445004555081,0.0
TG Southee,Aggressive Accelerator,0.2073612011423774,Low Risk Stabilizer,Low Reliability,Powerplay,No Strong Specialist Tag,"Weak at Death, Weak in High RRR, Weak in Collapse, Poor Accelerator, Low Sample Confidence",0.0,0.0,0.26136576455121097,0.3497791564501556,0.0
DH Yagnik,Aggressive Accelerator,0.20662041526401156,Low Risk Stabilizer,Low Reliability,Death,No Strong Specialist Tag,"Weak at Death, Weak in High RRR, Weak in Collapse, Poor Accelerator, Low Sample Confidence",0.0,0.0,0.2608449730562896,0.36385900207046595,0.0
SM Pollock,Balanced Pressure Batter,0.20563987652602023,Low Risk Stabilizer,Low Reliability,Middle,No Strong Specialist Tag,"Weak at Death, Weak in High RRR, Weak in Collapse, Poor Stabilizer, Poor Accelerator, Low Sample Confidence",0.0,0.0,0.0,0.0,0.0
Harpreet Singh,Balanced Pressure Batter,0.20523382082386668,Low Risk Stabilizer,Low Reliability,Middle,No Strong Specialist Tag,"Weak at Death, Weak in High RRR, Weak in Collapse, Poor Stabilizer, Poor Accelerator, Low Sample Confidence",0.0,0.0,0.0,0.0,0.0
MS Gony,Aggressive Accelerator,0.20522142197467297,Low Risk Stabilizer,Low Reliability,Powerplay,No Strong Specialist Tag,"Weak at Death, Weak in High RRR, Weak in Collapse, Poor Accelerator, Low Sample Confidence",0.0,0.0,0.24622995958262275,0.3222200402880251,0.0
SP Jackson,Balanced Pressure Batter,0.20331464302063973,Low Risk Stabilizer,Low Reliability,Powerplay,No Strong Specialist Tag,"Weak at Death, Weak in High RRR, Weak in Collapse, Poor Stabilizer, Poor Accelerator, Low Sample Confidence",0.0,0.0,0.0,0.0,0.0
Sandeep Sharma,Aggressive Accelerator,0.20274448236887987,Low Risk Stabilizer,Low Reliability,Powerplay,No Strong Specialist Tag,"Weak at Death, Weak in High RRR, Weak in Collapse, Poor Accelerator, Low Sample Confidence",0.0,0.0,0.25304418495459313,0.39158776904523523,0.0
AC Voges,Aggressive Accelerator,0.20135864577615017,Low Risk Stabilizer,Low Reliability,Middle,No Strong Specialist Tag,"Weak at Death, Weak in High RRR, Weak in Collapse, Poor Accelerator, Low Sample Confidence",0.0,0.0,0.2345962994158189,0.32056534115078883,0.0
SA Asnodkar,Balanced Pressure Batter,0.20044923070423787,Low Risk Stabilizer,Medium Reliability,Middle,No Strong Specialist Tag,"Weak at Death, Weak in High RRR, Weak in Collapse, Poor Stabilizer, Poor Accelerator",0.0,0.0,0.0,0.0,0.0
CJ Ferguson,Balanced Pressure Batter,0.20020159584694808,Low Risk Stabilizer,Low Reliability,Death,No Strong Specialist Tag,"Weak at Death, Weak in High RRR, Weak in Collapse, Poor Stabilizer, Poor Accelerator, Low Sample Confidence",0.0,0.0,0.0,0.0,0.0
Azhar Mahmood,Aggressive Accelerator,0.2000358789372753,Low Risk Stabilizer,Medium Reliability,Middle,No Strong Specialist Tag,"Weak at Death, Weak in High RRR, Weak in Collapse, Poor Stabilizer, Poor Accelerator",0.0,0.0,0.15338940802302808,0.23727073864782644,0.0
PWH de Silva,Aggressive Accelerator,0.19889565108718757,Moderate Profile,Low Reliability,Powerplay,No Strong Specialist Tag,"Weak at Death, Weak in High RRR, Weak in Collapse, Poor Accelerator, Low Sample Confidence",0.0,0.0,0.278959686575158,0.3228501755473792,0.0
SN Khan,Aggressive Accelerator,0.19841634170613218,Low Risk Stabilizer,Medium Reliability,Death,No Strong Specialist Tag,"Weak at Death, Weak in High RRR, Weak in Collapse, Poor Stabilizer, Poor Accelerator",0.0,0.0,0.21883936871121745,0.2686435980645498,0.0
K Goel,Balanced Pressure Batter,0.19697365254153693,Low Risk Stabilizer,Medium Reliability,Death,No Strong Specialist Tag,"Weak at Death, Weak in High RRR, Weak in Collapse, Poor Stabilizer, Poor Accelerator",0.0,0.0,0.0,0.0,0.0
PK Garg,Aggressive Accelerator,0.19369357102161638,Low Risk Stabilizer,Medium Reliability,Powerplay,No Strong Specialist Tag,"Weak at Death, Weak in High RRR, Weak in Collapse, Poor Stabilizer, Poor Accelerator",0.0,0.0,0.13493987339601596,0.18182336007150796,0.0
A Kumble,Aggressive Accelerator,0.1931268389391963,Low Risk Stabilizer,Low Reliability,Powerplay,No Strong Specialist Tag,"Weak at Death, Weak in High RRR, Weak in Collapse, Poor Accelerator, Low Sample Confidence",0.0,0.0,0.2185343034290156,0.3912355844198715,0.0
A Nortje,Aggressive Accelerator,0.19204713328525663,Low Risk Stabilizer,Low Reliability,Powerplay,No Strong Specialist Tag,"Weak at Death, Weak in High RRR, Weak in Collapse, Poor Accelerator, Low Sample Confidence",0.0,0.0,0.2461030441919878,0.3453450168263763,0.0
Kuldeep Yadav,Aggressive Accelerator,0.19062659970210524,Low Risk Stabilizer,Medium Reliability,Powerplay,No Strong Specialist Tag,"Weak at Death, Weak in High RRR, Poor Accelerator",0.12745991972395226,0.14828455720322573,0.30586106452397177,0.4857496605496436,0.06488966497218536
A Flintoff,Balanced Pressure Batter,0.18954935233660414,Low Risk Stabilizer,Low Reliability,Powerplay,No Strong Specialist Tag,"Weak at Death, Weak in High RRR, Weak in Collapse, Poor Stabilizer, Poor Accelerator, Low Sample Confidence",0.0,0.0,0.0,0.0,0.0
Aman Hakim Khan,Aggressive Accelerator,0.18954632416397166,Low Risk Stabilizer,Low Reliability,Powerplay,No Strong Specialist Tag,"Weak at Death, Weak in High RRR, Weak in Collapse, Poor Accelerator, Low Sample Confidence",0.0,0.0,0.24625171967730114,0.35821576848841985,0.0
JJ Bumrah,Aggressive Accelerator,0.18863755531131005,Low Risk Stabilizer,Low Reliability,Powerplay,No Strong Specialist Tag,"Weak at Death, Weak in High RRR, Weak in Collapse, Poor Accelerator, Low Sample Confidence",0.0,0.0,0.23825229679062992,0.3505918090727915,0.0
GC Smith,Aggressive Accelerator,0.18847657663928233,Low Risk Stabilizer,High Reliability,Death,No Strong Specialist Tag,"Weak at Death, Weak in High RRR, Weak in Collapse, Poor Stabilizer, Poor Accelerator",0.0,0.0,0.15434654978251802,0.25085387331242376,0.0
LR Shukla,Aggressive Accelerator,0.1884320078287764,Low Risk Stabilizer,Medium Reliability,Death,No Strong Specialist Tag,"Weak at Death, Weak in High RRR, Weak in Collapse, Poor Accelerator",0.0,0.0,0.2704301870380598,0.3823948887433596,0.0
DJ Harris,Balanced Pressure Batter,0.186308796385663,Low Risk Stabilizer,Low Reliability,Middle,No Strong Specialist Tag,"Weak at Death, Weak in High RRR, Weak in Collapse, Poor Stabilizer, Poor Accelerator, Low Sample Confidence",0.0,0.0,0.0,0.0,0.0
RJ Harris,Aggressive Accelerator,0.18564991528252683,Low Risk Stabilizer,Low Reliability,Powerplay,No Strong Specialist Tag,"Weak at Death, Weak in High RRR, Weak in Collapse, Poor Accelerator, Low Sample Confidence",0.0,0.0,0.24820136109752633,0.35429144901069737,0.0
DW Steyn,Aggressive Accelerator,0.18517966421261917,Low Risk Stabilizer,Low Reliability,Powerplay,No Strong Specialist Tag,"Weak at Death, Weak in High RRR, Weak in Collapse, Poor Accelerator, Low Sample Confidence",0.0,0.07996242314506416,0.2657753213655769,0.38672540122013366,0.052025319575225305
VR Aaron,Aggressive Accelerator,0.18497412191467508,Low Risk Stabilizer,Low Reliability,Powerplay,No Strong Specialist Tag,"Weak at Death, Weak in High RRR, Weak in Collapse, Poor Accelerator, Low Sample Confidence",0.0,0.0,0.2194079740938144,0.3718960927532979,0.0
Yashpal Singh,Aggressive Accelerator,0.1827532145813035,Low Risk Stabilizer,Low Reliability,Death,No Strong Specialist Tag,"Weak at Death, Weak in High RRR, Weak in Collapse, Poor Accelerator, Low Sample Confidence",0.0,0.0,0.22738452253814675,0.3539031062179938,0.0
AA Jhunjhunwala,Aggressive Accelerator,0.18168267830938478,Low Risk Stabilizer,Low Reliability,Death,No Strong Specialist Tag,"Weak at Death, Weak in High RRR, Weak in Collapse, Poor Accelerator, Low Sample Confidence",0.0,0.0,0.16945224351143795,0.3052286487260725,0.0
SK Trivedi,Aggressive Accelerator,0.1767392702754094,Low Risk Stabilizer,Low Reliability,Powerplay,No Strong Specialist Tag,"Weak at Death, Weak in High RRR, Weak in Collapse, Poor Accelerator, Low Sample Confidence",0.0,0.0,0.19562265375439108,0.36251494520552274,0.0
RJ Quiney,Balanced Pressure Batter,0.17087451382118268,Low Risk Stabilizer,Low Reliability,Middle,No Strong Specialist Tag,"Weak at Death, Weak in High RRR, Weak in Collapse, Poor Stabilizer, Poor Accelerator, Low Sample Confidence",0.0,0.0,0.0,0.0,0.0
A Nehra,Aggressive Accelerator,0.16922068414733954,Low Risk Stabilizer,Low Reliability,Powerplay,No Strong Specialist Tag,"Weak at Death, Weak in High RRR, Weak in Collapse, Poor Accelerator, Low Sample Confidence",0.0,0.0,0.2215797894238845,0.36471429147571205,0.0
SB Styris,Balanced Pressure Batter,0.16760048155716745,Low Risk Stabilizer,Low Reliability,Death,No Strong Specialist Tag,"Weak at Death, Weak in High RRR, Weak in Collapse, Poor Stabilizer, Poor Accelerator, Low Sample Confidence",0.0,0.0,0.0,0.0,0.0
AB Barath,Balanced Pressure Batter,0.16708417461542704,Low Risk Stabilizer,Low Reliability,Powerplay,No Strong Specialist Tag,"Weak at Death, Weak in High RRR, Weak in Collapse, Poor Stabilizer, Poor Accelerator, Low Sample Confidence",0.0,0.0,0.0,0.0,0.0
I Sharma,Aggressive Accelerator,0.16519373581352384,Low Risk Stabilizer,Low Reliability,Powerplay,No Strong Specialist Tag,"Weak at Death, Weak in High RRR, Weak in Collapse, Poor Accelerator, Low Sample Confidence",0.0,0.0,0.19081856516576867,0.3539820492256537,0.0
RR Sarwan,Balanced Pressure Batter,0.16510017234712762,Low Risk Stabilizer,Low Reliability,Powerplay,No Strong Specialist Tag,"Weak at Death, Weak in High RRR, Weak in Collapse, Poor Stabilizer, Poor Accelerator, Low Sample Confidence",0.0,0.0,0.0,0.0,0.0
FY Fazal,Balanced Pressure Batter,0.1586709911390054,Low Risk Stabilizer,Low Reliability,Death,No Strong Specialist Tag,"Weak at Death, Weak in High RRR, Weak in Collapse, Poor Stabilizer, Poor Accelerator, Low Sample Confidence",0.0,0.0,0.0,0.0,0.0
Z Khan,Aggressive Accelerator,0.1560594441406728,Low Risk Stabilizer,Low Reliability,Death,No Strong Specialist Tag,"Weak at Death, Weak in High RRR, Weak in Collapse, Poor Accelerator, Low Sample Confidence",0.0,0.08342182644500902,0.22938852016020406,0.36417617488099696,0.03530770656656978
AD Mascarenhas,Balanced Pressure Batter,0.15523412279933613,Moderate Profile,Low Reliability,Powerplay,No Strong Specialist Tag,"Weak at Death, Weak in High RRR, Weak in Collapse, Poor Stabilizer, Poor Accelerator, Low Sample Confidence",0.0,0.0,0.0,0.0,0.0
Ravi Bishnoi,Aggressive Accelerator,0.15438325026817523,Low Risk Stabilizer,Low Reliability,Powerplay,No Strong Specialist Tag,"Weak at Death, Weak in High RRR, Weak in Collapse, Poor Accelerator, Low Sample Confidence",0.0,0.0,0.18168735743351455,0.33388457614181505,0.0
R McLaren,Aggressive Accelerator,0.15398726261804901,Low Risk Stabilizer,Low Reliability,Powerplay,No Strong Specialist Tag,"Weak at Death, Weak in High RRR, Weak in Collapse, Poor Accelerator, Low Sample Confidence",0.0,0.0,0.19160055945477555,0.35819671411035015,0.0
Anureet Singh,Aggressive Accelerator,0.15326720546265696,Low Risk Stabilizer,Low Reliability,Powerplay,No Strong Specialist Tag,"Weak at Death, Weak in High RRR, Weak in Collapse, Poor Accelerator, Low Sample Confidence",0.0,0.0,0.1852839301675793,0.3293428579896523,0.0
SE Rutherford,Aggressive Accelerator,0.15325395065347402,Low Risk Stabilizer,Low Reliability,Death,No Strong Specialist Tag,"Weak at Death, Weak in High RRR, Weak in Collapse, Poor Stabilizer, Poor Accelerator, Low Sample Confidence",0.0,0.0,0.1342899780238907,0.27343266130677946,0.0
AJ Turner,Balanced Pressure Batter,0.1517954078923185,Moderate Profile,Low Reliability,Powerplay,No Strong Specialist Tag,"Weak at Death, Weak in High RRR, Weak in Collapse, Poor Stabilizer, Poor Accelerator, Low Sample Confidence",0.0,0.0,0.0,0.0,0.0
HC Brook,Balanced Pressure Batter,0.1451557545697718,Low Risk Stabilizer,Low Reliability,Powerplay,No Strong Specialist Tag,"Weak at Death, Weak in High RRR, Weak in Collapse, Poor Stabilizer, Poor Accelerator, Low Sample Confidence",0.0,0.0,0.0,0.0,0.0
PV Tambe,Aggressive Accelerator,0.14404823472651695,Low Risk Stabilizer,Low Reliability,Powerplay,No Strong Specialist Tag,"Weak at Death, Weak in High RRR, Weak in Collapse, Poor Accelerator, Low Sample Confidence",0.0,0.0,0.15464390419822877,0.36447199585161083,0.0
R Sharma,Aggressive Accelerator,0.13547836322271956,Moderate Profile,Low Reliability,Powerplay,No Strong Specialist Tag,"Weak at Death, Weak in High RRR, Weak in Collapse, Poor Stabilizer, Poor Accelerator, Low Sample Confidence",0.0,0.0,0.17689954182913203,0.29071362057201083,0.0
GH Vihari,Aggressive Accelerator,0.13201825117563626,Low Risk Stabilizer,High Reliability,Death,No Strong Specialist Tag,"Weak at Death, Weak in High RRR, Weak in Collapse, Poor Stabilizer, Poor Accelerator",0.0,0.0,0.14274341403887966,0.18290178721942765,0.0
W Jaffer,Balanced Pressure Batter,0.12115335625979723,Low Risk Stabilizer,Low Reliability,Middle,No Strong Specialist Tag,"Weak at Death, Weak in High RRR, Weak in Collapse, Poor Stabilizer, Poor Accelerator, Low Sample Confidence",0.0,0.0,0.0,0.0,0.0
S Sohal,Balanced Pressure Batter,0.11843464998329822,Low Risk Stabilizer,Medium Reliability,Powerplay,No Strong Specialist Tag,"Weak at Death, Weak in High RRR, Weak in Collapse, Poor Stabilizer, Poor Accelerator",0.0,0.0,0.0,0.0,0.0
RP Singh,Aggressive Accelerator,0.11795059198148239,Moderate Profile,Low Reliability,Powerplay,No Strong Specialist Tag,"Weak at Death, Weak in High RRR, Weak in Collapse, Poor Stabilizer, Poor Accelerator, Low Sample Confidence",0.0,0.0,0.14644723553336172,0.2589601384617611,0.0
VVS Laxman,Balanced Pressure Batter,0.11633959070477748,Low Risk Stabilizer,Medium Reliability,Middle,No Strong Specialist Tag,"Weak at Death, Weak in High RRR, Weak in Collapse, Poor Stabilizer, Poor Accelerator",0.0,0.0,0.0,0.0,0.0
DR Sams,Balanced Pressure Batter,0.11207187754807163,Moderate Profile,Low Reliability,Middle,No Strong Specialist Tag,"Weak at Death, Weak in High RRR, Weak in Collapse, Poor Stabilizer, Poor Accelerator, Low Sample Confidence",0.0,0.0,0.10461478959660715,0.10624830007574848,0.0
YS Chahal,Aggressive Accelerator,0.11072061844409226,Low Risk Stabilizer,Low Reliability,Powerplay,No Strong Specialist Tag,"Weak at Death, Weak in High RRR, Weak in Collapse, Poor Accelerator, Low Sample Confidence",0.0,0.0,0.15928919628143462,0.3701016331332278,0.0
S Nadeem,Aggressive Accelerator,0.10407173426583369,Moderate Profile,Low Reliability,Powerplay,No Strong Specialist Tag,"Weak at Death, Weak in High RRR, Weak in Collapse, Poor Stabilizer, Poor Accelerator, Low Sample Confidence",0.0,0.0,0.15685614554528682,0.2913854502790686,0.0
WD Parnell,Aggressive Accelerator,0.09800835495607393,Moderate Profile,Low Reliability,Powerplay,No Strong Specialist Tag,"Weak at Death, Weak in High RRR, Weak in Collapse, Poor Stabilizer, Poor Accelerator, Low Sample Confidence",0.0,0.0,0.10779218812979971,0.2348932124089543,0.0
N Saini,Balanced Pressure Batter,0.08617326455082587,Low Risk Stabilizer,Low Reliability,Middle,No Strong Specialist Tag,"Weak at Death, Weak in High RRR, Weak in Collapse, Poor Stabilizer, Poor Accelerator, Low Sample Confidence",0.0,0.0,0.0,0.0,0.0
AD Nath,Balanced Pressure Batter,0.08268834407680271,Moderate Profile,Low Reliability,Middle,No Strong Specialist Tag,"Weak at Death, Weak in High RRR, Weak in Collapse, Poor Stabilizer, Poor Accelerator, Low Sample Confidence",0.0,0.0,0.0,0.0,0.0
RT Ponting,Balanced Pressure Batter,0.07810515345228934,Low Risk Stabilizer,Low Reliability,Powerplay,No Strong Specialist Tag,"Weak at Death, Weak in High RRR, Weak in Collapse, Poor Stabilizer, Poor Accelerator, Low Sample Confidence",0.0,0.0,0.0,0.0,0.0
S Sriram,Balanced Pressure Batter,0.075983402146831,Moderate Profile,Low Reliability,Powerplay,No Strong Specialist Tag,"Weak at Death, Weak in High RRR, Weak in Collapse, Poor Stabilizer, Poor Accelerator, Low Sample Confidence",0.0,0.0,0.0,0.0,0.0
MN Samuels,Balanced Pressure Batter,0.07052961310207868,Low Risk Stabilizer,Low Reliability,Death,No Strong Specialist Tag,"Weak at Death, Weak in High RRR, Weak in Collapse, Poor Stabilizer, Poor Accelerator, Low Sample Confidence",0.0,0.0,0.0,0.0,0.0
SP Goswami,Balanced Pressure Batter,0.01661527895783899,Moderate Profile,Low Reliability,Powerplay,No Strong Specialist Tag,"Weak at Death, Weak in High RRR, Weak in Collapse, Poor Stabilizer, Poor Accelerator, Low Sample Confidence",0.0,0.0,0.0,0.0,0.0
